product_id,representation,protocol,candidate_quantity,training_percentile,raw_mean,raw_median,raw_p10,raw_p25,raw_p75,raw_p90
100062XXC08D,Q2,A,10429.200000000003,10,0.1088125146219897,0.08656309301040623,0.053532378513212284,0.06297638139089981,0.12689301297523123,0.15275722706417855
100062XXC08D,Q2,A,20100.0,25,0.1088125146219897,0.08656309301040623,0.053532378513212284,0.06297638139089981,0.12689301297523123,0.15275722706417855
100062XXC08D,Q2,A,30680.0,50,0.10894381525227574,0.08705917631661328,0.05261353532308132,0.0623705523676328,0.12575483000025578,0.15899203101158363
100062XXC08D,Q2,A,66645.0,75,0.11635459720406527,0.09031407924365766,0.054581343661021055,0.06461656246860924,0.12998411086605982,0.17376320328365005
100062XXC08D,Q2,A,120000.0,90,0.12096001567512787,0.09456046757149213,0.0579949449052011,0.06745094835492328,0.13527116371071846,0.1804615953804765
100062XXC08D,Q2,B,10429.200000000003,10,0.08113587225454034,0.06238372918541457,0.04264405410081765,0.052598483568454646,0.07684295477086493,0.09254323505703618
100062XXC08D,Q2,B,20100.0,25,0.08113587225454034,0.06238372918541457,0.04264405410081765,0.052598483568454646,0.07684295477086493,0.09254323505703618
100062XXC08D,Q2,B,30680.0,50,0.08113587225454034,0.06238372918541457,0.04264405410081765,0.052598483568454646,0.07684295477086493,0.09254323505703618
100062XXC08D,Q2,B,66645.0,75,0.0842556715468991,0.06575022317291362,0.044274529069852415,0.0542152661846418,0.07935664002433476,0.0987193096392589
100062XXC08D,Q2,B,120000.0,90,0.08822735918797213,0.06841025377424842,0.04679944322381672,0.05990946609929139,0.08500042118401342,0.10634268484546305
100062XXC08D,Q4,A,10429.200000000003,10,0.0871638184752007,0.06265804054622548,0.03670257298194792,0.050347655577466156,0.09097159672864577,0.11901551910109186
100062XXC08D,Q4,A,20100.0,25,0.08751361633220714,0.06553510750756512,0.0371991447434026,0.052068876752400475,0.08854150642642018,0.12452243918958712
100062XXC08D,Q4,A,30680.0,50,0.08737867840956091,0.06386847807917531,0.03762758696563815,0.05054050369325445,0.08596793755091715,0.12074144755905598
100062XXC08D,Q4,A,66645.0,75,0.0891112837048563,0.06702752299020405,0.039474313003339166,0.052413270373637744,0.08827742158277278,0.1215695251402196
100062XXC08D,Q4,A,120000.0,90,0.09033357217056917,0.0673839407583526,0.042780399073966524,0.05296637090820072,0.0896907126028905,0.12308327386005928
100062XXC08D,Q4,B,10429.200000000003,10,0.0666758570301321,0.044203281973187486,0.02797749050027721,0.03611577535269033,0.06374275560113121,0.07700394310306871
100062XXC08D,Q4,B,20100.0,25,0.06789966060258765,0.044170810100212614,0.032367861089892196,0.03824954719916628,0.06521962622439995,0.08013886002603564
100062XXC08D,Q4,B,30680.0,50,0.06872748900211648,0.04496527864450475,0.03233667714771537,0.03919423318406287,0.06563289804701497,0.08097843399404334
100062XXC08D,Q4,B,66645.0,75,0.07040869412166462,0.04650796449168671,0.03328992358768646,0.04062895217340339,0.06692143609627305,0.08254162947980737
100062XXC08D,Q4,B,120000.0,90,0.07047711610000668,0.046603097018364736,0.03335896168573302,0.04071257259798423,0.06705538801520552,0.0827040760048055
100073AAA08U,Q2,A,925.5,10,0.25004062738072214,0.14868429395334326,0.08464208763687761,0.11599746521216246,0.19340727691711063,0.8355352089331063
100073AAA08U,Q2,A,1673.75,25,0.25004062738072214,0.14868429395334326,0.08464208763687761,0.11599746521216246,0.19340727691711063,0.8355352089331063
100073AAA08U,Q2,A,3028.0,50,0.24886680922868107,0.14738364562331333,0.08323622763391046,0.11494414525590435,0.19180370679013453,0.8368430503846582
100073AAA08U,Q2,A,5562.0,75,0.252751902793686,0.15077819776244494,0.08384784792569762,0.11769468423803396,0.19598575396528853,0.8445690961395127
100073AAA08U,Q2,A,11834.5,90,0.25941342658398864,0.1579190606964184,0.08997079131075977,0.12479502835407272,0.20463054787181834,0.8462951810780848
100073AAA08U,Q2,B,925.5,10,0.21180604604053918,0.12077950737947489,0.06500193515736215,0.08285188299035694,0.13103312241510412,0.8159613556228057
100073AAA08U,Q2,B,1673.75,25,0.21180604604053918,0.12077950737947489,0.06500193515736215,0.08285188299035694,0.13103312241510412,0.8159613556228057
100073AAA08U,Q2,B,3028.0,50,0.21180604604053918,0.12077950737947489,0.06500193515736215,0.08285188299035694,0.13103312241510412,0.8159613556228057
100073AAA08U,Q2,B,5562.0,75,0.21343250000066777,0.12183362518455393,0.06599148788618861,0.08408873401141083,0.13216327791910454,0.817612902890415
100073AAA08U,Q2,B,11834.5,90,0.21645968035740035,0.11931804256146746,0.06893046472031948,0.09520098195335958,0.1294658556944703,0.8226189727432379
100073AAA08U,Q4,A,925.5,10,0.24419025924064935,0.13297243760894403,0.08177689177154154,0.1102474605897834,0.19821726877319268,0.8377988577905775
100073AAA08U,Q4,A,1673.75,25,0.246712689850374,0.13195594903373917,0.08204794843813805,0.10993665203848522,0.2043671297351327,0.8458049353727313
100073AAA08U,Q4,A,3028.0,50,0.24771481746833357,0.12680725008152885,0.07985660533885577,0.11059011496170129,0.21443070160983768,0.8502807752141516
100073AAA08U,Q4,A,5562.0,75,0.2502668756857399,0.12921348305369573,0.07935763460171022,0.11992461054789069,0.22558961364334265,0.8559348311468722
100073AAA08U,Q4,A,11834.5,90,0.2540127788456359,0.13492496401820092,0.07941171345062754,0.1249671869945859,0.23581894489299832,0.8545329758941185
100073AAA08U,Q4,B,925.5,10,0.2136583400131326,0.12625142873947195,0.03759889337676681,0.0653962984874532,0.14760524473011796,0.8662992937531024
100073AAA08U,Q4,B,1673.75,25,0.21357250148845516,0.12995765341195742,0.03921687187740763,0.061353573823456124,0.1537276378551825,0.8582095669583067
100073AAA08U,Q4,B,3028.0,50,0.216538325943256,0.13352466869843613,0.040896106358213696,0.06348238707981849,0.1624194459837419,0.856030102263359
100073AAA08U,Q4,B,5562.0,75,0.21772244609212388,0.13530756796134435,0.04172713195824656,0.06452245602309066,0.1631323806586811,0.8581566422486092
100073AAA08U,Q4,B,11834.5,90,0.21892082132692403,0.1377900827636222,0.042047434219638136,0.06500586781531101,0.16422489480625035,0.8590457756485698
100073AAA09A,Q2,A,1730.0,10,0.24733385109999598,0.14868429395334326,0.08464208763687761,0.11599746521216246,0.19113296480905642,0.8355352089331063
100073AAA09A,Q2,A,2978.0,25,0.24733385109999598,0.14868429395334326,0.08464208763687761,0.11599746521216246,0.19113296480905642,0.8355352089331063
100073AAA09A,Q2,A,4904.0,50,0.24582345630714197,0.14738364562331333,0.08323622763391046,0.11494414525590435,0.1895438744301255,0.8368430503846582
100073AAA09A,Q2,A,10238.0,75,0.2524773753548509,0.15501789572179417,0.08672544297544235,0.12241392982104372,0.19857029610108387,0.841037264979174
100073AAA09A,Q2,A,17244.599999999995,90,0.255909771726141,0.1579190606964184,0.08997079131075977,0.12479502835407272,0.20209104122641583,0.8462951810780848
100073AAA09A,Q2,B,1730.0,10,0.20857696943318318,0.12077950737947489,0.06500193515736215,0.08078079442996644,0.13103312241510412,0.8159613556228057
100073AAA09A,Q2,B,2978.0,25,0.20857696943318318,0.12077950737947489,0.06500193515736215,0.08078079442996644,0.13103312241510412,0.8159613556228057
100073AAA09A,Q2,B,4904.0,50,0.20857696943318318,0.12077950737947489,0.06500193515736215,0.08078079442996644,0.13103312241510412,0.8159613556228057
100073AAA09A,Q2,B,10238.0,75,0.21174697773784087,0.12340109560938793,0.06689524054879316,0.08356417875710093,0.1338433909100993,0.8197755846959957
100073AAA09A,Q2,B,17244.599999999995,90,0.21174697773784087,0.12340109560938793,0.06689524054879316,0.08356417875710093,0.1338433909100993,0.8197755846959957
100073AAA09A,Q4,A,1730.0,10,0.24404707668552528,0.13195594903373917,0.08204794843813805,0.1082832408921156,0.2043671297351327,0.8458049353727313
100073AAA09A,Q4,A,2978.0,25,0.24494546655407287,0.12680725008152885,0.07985660533885577,0.10835341110745564,0.21443070160983768,0.8502807752141516
100073AAA09A,Q4,A,4904.0,50,0.24716595208881648,0.12921348305369573,0.07935763460171022,0.11872726430561456,0.22558961364334265,0.8559348311468722
100073AAA09A,Q4,A,10238.0,75,0.2508810226710421,0.13492496401820092,0.07941171345062754,0.12404124446133821,0.23581894489299832,0.8545329758941185
100073AAA09A,Q4,A,17244.599999999995,90,0.24947330903409068,0.13041812907540848,0.0804565515924929,0.1209585522965374,0.2288334733606644,0.857990621622376
100073AAA09A,Q4,B,1730.0,10,0.2102014935278406,0.1308906566169791,0.03921687187740763,0.061353573823456124,0.1537276378551825,0.8582095669583067
100073AAA09A,Q4,B,2978.0,25,0.21301474406682824,0.13382441805771067,0.040896106358213696,0.06348238707981849,0.1624194459837419,0.856030102263359
100073AAA09A,Q4,B,4904.0,50,0.21419139781095028,0.13618315459043548,0.04172713195824656,0.06452245602309066,0.1631323806586811,0.8581566422486092
100073AAA09A,Q4,B,10238.0,75,0.2153978175452484,0.13845540570692375,0.042047434219638136,0.06500586781531101,0.16422489480625035,0.8590457756485698
100073AAA09A,Q4,B,17244.599999999995,90,0.2154240565899391,0.13871125644944038,0.042133845874335996,0.06513625318802278,0.16451927149976783,0.8580905806809653
100074AAA08U,Q2,A,403.0,10,0.23013947253170494,0.12202869077500629,0.07564793441391868,0.11136546101693917,0.17247256084336887,0.8172275693243264
100074AAA08U,Q2,A,888.25,25,0.23013947253170494,0.12202869077500629,0.07564793441391868,0.11136546101693917,0.17247256084336887,0.8172275693243264
100074AAA08U,Q2,A,1704.0,50,0.22891164998786195,0.12092809590120018,0.07437932366403587,0.11034895173628537,0.17100561955504678,0.8186493963994249
100074AAA08U,Q2,A,3361.25,75,0.23400210600956362,0.12446808589714015,0.07564701126620808,0.11094173788241352,0.17186130288667945,0.8319721724583241
100074AAA08U,Q2,A,6925.5,90,0.23988178456795126,0.1295641889640347,0.08026623752968844,0.11555712564038602,0.1785022181187469,0.8382335024852537
100074AAA08U,Q2,B,403.0,10,0.20612486384361214,0.12077950737947489,0.06500193515736215,0.07882895423959553,0.1311272711221593,0.8159613556228057
100074AAA08U,Q2,B,888.25,25,0.20612486384361214,0.12077950737947489,0.06500193515736215,0.07882895423959553,0.1311272711221593,0.8159613556228057
100074AAA08U,Q2,B,1704.0,50,0.20612486384361214,0.12077950737947489,0.06500193515736215,0.07882895423959553,0.1311272711221593,0.8159613556228057
100074AAA08U,Q2,B,3361.25,75,0.20925572952205485,0.12340109560938793,0.06689524054879316,0.08169735200346057,0.13552586740420047,0.8197755846959957
100074AAA08U,Q2,B,6925.5,90,0.21028489887973464,0.1099335951066657,0.06875004300386593,0.08472977498187514,0.13826287697091033,0.8269403451525351
100074AAA08U,Q4,A,403.0,10,0.22886023237936104,0.11428948035423483,0.06878623356483417,0.09918076765032685,0.1896151340512116,0.8355593977178967
100074AAA08U,Q4,A,888.25,25,0.22786218187456952,0.10964860530752482,0.06894149569351828,0.10108352560375519,0.18359785652115196,0.8393527928787264
100074AAA08U,Q4,A,1704.0,50,0.2302255756236689,0.1132732984468353,0.06921982201387192,0.10640585259092804,0.19192949224733818,0.8511981245499622
100074AAA08U,Q4,A,3361.25,75,0.232801172513582,0.12689402922409065,0.06711914671092475,0.10061964530676044,0.21273921232922133,0.8526498942524317
100074AAA08U,Q4,A,6925.5,90,0.23721965200579792,0.13215191664103815,0.06696569159200526,0.1038469770323087,0.22200126344895302,0.8596715381874375
100074AAA08U,Q4,B,403.0,10,0.20805604457406043,0.1278558627065185,0.03578553119977654,0.0623291172162152,0.15949515953577,0.86898355079022
100074AAA08U,Q4,B,888.25,25,0.20760711136077525,0.13258984279932817,0.03759889337676681,0.0653962984874532,0.14760524473011796,0.8662992937531024
100074AAA08U,Q4,B,1704.0,50,0.20774239389347246,0.13454052582118337,0.03921687187740763,0.061353573823456124,0.1537276378551825,0.8582095669583067
100074AAA08U,Q4,B,3361.25,75,0.2108618589653975,0.13994997517865942,0.040896106358213696,0.06348238707981849,0.1624194459837419,0.856030102263359
100074AAA08U,Q4,B,6925.5,90,0.21200226074255085,0.14226740464158377,0.04172713195824656,0.06452245602309066,0.1631323806586811,0.8581566422486092
100075AAA08U,Q2,A,1652.8,10,0.24613835174021848,0.14158639552409213,0.08307211281419376,0.11420549821956821,0.18351126883685737,0.8354227657472817
100075AAA08U,Q2,A,2410.5,25,0.24613835174021848,0.14158639552409213,0.08307211281419376,0.11420549821956821,0.18351126883685737,0.8354227657472817
100075AAA08U,Q2,A,5154.0,50,0.24482306898387202,0.1440121454090048,0.08169000209635986,0.11297578810157999,0.1820141966515483,0.8367313266346252
100075AAA08U,Q2,A,10449.0,75,0.2488888980513819,0.14928824024883303,0.08327120994828917,0.11675948951001161,0.1884820567773301,0.840176616118611
100075AAA08U,Q2,A,18336.4,90,0.25510792422483825,0.15522039485113562,0.08831151332810291,0.12127445759964371,0.19560916827236288,0.846188740157001
100075AAA08U,Q2,B,1652.8,10,0.20744727492659176,0.12077950737947489,0.06500193515736215,0.07884634409160404,0.1310566595918679,0.8159613556228057
100075AAA08U,Q2,B,2410.5,25,0.20744727492659176,0.12077950737947489,0.06500193515736215,0.07884634409160404,0.1310566595918679,0.8159613556228057
100075AAA08U,Q2,B,5154.0,50,0.20744727492659176,0.12077950737947489,0.06500193515736215,0.07884634409160404,0.1310566595918679,0.8159613556228057
100075AAA08U,Q2,B,10449.0,75,0.21057264441349527,0.12340109560938793,0.06689524054879316,0.081915156505207,0.1344681208628818,0.8197755846959957
100075AAA08U,Q2,B,18336.4,90,0.21057264441349527,0.12340109560938793,0.06689524054879316,0.081915156505207,0.1344681208628818,0.8197755846959957
100075AAA08U,Q4,A,1652.8,10,0.24361703605166904,0.1292835231944348,0.08207077468760406,0.10526128794402431,0.20783027961315342,0.8504973362025762
100075AAA08U,Q4,A,2410.5,25,0.24522456838794637,0.12706117960504917,0.08058489246432977,0.1065086324615887,0.21532657207914496,0.855637314339756
100075AAA08U,Q4,A,5154.0,50,0.24711357954393057,0.13161376780722886,0.079379777112289,0.11042640397237218,0.22930874515160166,0.8603698538707718
100075AAA08U,Q4,A,10449.0,75,0.25083801485805296,0.1374146032337728,0.07943386974847629,0.11523296694878737,0.23965453030654876,0.8590040455447588
100075AAA08U,Q4,A,18336.4,90,0.24947549435517452,0.13283737779277552,0.08047897392119058,0.11226202303777293,0.23259002184226116,0.8623725332426848
100075AAA08U,Q4,B,1652.8,10,0.2086230568269509,0.12994021595489558,0.03921687187740763,0.061353573823456124,0.1537276378551825,0.8582095669583067
100075AAA08U,Q4,B,2410.5,25,0.21091313268510173,0.132518225730269,0.04055517291567128,0.06296552287558449,0.16123573526443882,0.8549512282586812
100075AAA08U,Q4,B,5154.0,50,0.21295602681768555,0.13530756796134435,0.04172713195824656,0.06452245602309066,0.1631323806586811,0.8581566422486092
100075AAA08U,Q4,B,10449.0,75,0.21409059697866292,0.1377900827636222,0.042047434219638136,0.06500586781531101,0.16422489480625035,0.8590457756485698
100075AAA08U,Q4,B,18336.4,90,0.21411795169183373,0.13804490010326648,0.042133845874335996,0.06513625318802278,0.16451927149976783,0.8580905806809653
100076AAA08Y,Q2,A,631.1,10,0.19063818707630706,0.11241081368546746,0.06356153624783152,0.09532481227033972,0.18945475535448483,0.6678371224925211
100076AAA08Y,Q2,A,1315.75,25,0.19084879644050234,0.11157973742493554,0.06363305251364873,0.09512919461439781,0.19381629156656124,0.6546700520014891
100076AAA08Y,Q2,A,3865.5,50,0.1906726050889643,0.11089192986081296,0.06170932931715572,0.09611411616703344,0.19220997959107775,0.6550771236969247
100076AAA08Y,Q2,A,8970.0,75,0.19851409645115622,0.1165187220115529,0.06433590165617971,0.10132937215006685,0.205303743305695,0.6701538069451631
100076AAA08Y,Q2,A,24898.20000000001,90,0.20375776372880017,0.12205013169888808,0.06848182250224127,0.1050373534854925,0.21191940523420602,0.6783405018987626
100076AAA08Y,Q2,B,631.1,10,0.15576450454638066,0.09130163761078819,0.05437349074792082,0.07024588711713124,0.10449187121563584,0.6796628661112032
100076AAA08Y,Q2,B,1315.75,25,0.15576450454638066,0.09130163761078819,0.05437349074792082,0.07024588711713124,0.10449187121563584,0.6796628661112032
100076AAA08Y,Q2,B,3865.5,50,0.15576450454638066,0.09130163761078819,0.05437349074792082,0.07024588711713124,0.10449187121563584,0.6796628661112032
100076AAA08Y,Q2,B,8970.0,75,0.15891329213957597,0.0949422314445858,0.05597575574095814,0.0722801250251275,0.10680287217335337,0.6898992802665886
100076AAA08Y,Q2,B,24898.20000000001,90,0.16678618950464444,0.1027366630462893,0.057869315411601764,0.08097823204077291,0.11235551838650276,0.7015833205597852
100076AAA08Y,Q4,A,631.1,10,0.18004623302070252,0.10493571983700901,0.060218305737060135,0.06624844715060217,0.17405665944503693,0.6682248097629189
100076AAA08Y,Q4,A,1315.75,25,0.17999048076869587,0.10609755950875753,0.051921345075280644,0.07141007676836462,0.1618724469366255,0.7031828990079029
100076AAA08Y,Q4,A,3865.5,50,0.18439907820790402,0.10527649578194624,0.055955168908218125,0.0825481680220815,0.15048766801334673,0.7104312454819497
100076AAA08Y,Q4,A,8970.0,75,0.18747562449026964,0.10403473549727588,0.05864656688668657,0.08640157492358633,0.15371739451245447,0.7147477622506715
100076AAA08Y,Q4,A,24898.20000000001,90,0.186761394287705,0.10457742120289232,0.05862482578480767,0.08622545021267311,0.15549526251661006,0.7121651830398931
100076AAA08Y,Q4,B,631.1,10,0.14940274782556653,0.08141879794275286,0.03346461778509485,0.05105332963434574,0.0946754213636987,0.7147897861390374
100076AAA08Y,Q4,B,1315.75,25,0.1484623916221007,0.08156685981805142,0.03263553765920268,0.04981094899547167,0.09484510153124877,0.7107621040661907
100076AAA08Y,Q4,B,3865.5,50,0.1522971369617199,0.08509902945526773,0.03377035497943304,0.053302650163080445,0.10226413655229728,0.7159340185308823
100076AAA08Y,Q4,B,8970.0,75,0.1548945883192175,0.08722777373169215,0.03434728755585711,0.05459607452372758,0.10547743203556642,0.720643582865562
100076AAA08Y,Q4,B,24898.20000000001,90,0.15490791990352318,0.08739856427914644,0.03441844239848172,0.0547068021384578,0.10567981783154053,0.7194693135893686
100076AAA08Z,Q2,A,1145.5,10,0.17475446125672808,0.10817846035562678,0.06476907076664407,0.08805886550851513,0.13913169645965756,0.3104691681806702
100076AAA08Z,Q2,A,2511.25,25,0.17507096749527157,0.10923647890743571,0.0647248080995389,0.08836798581651477,0.1426460807266583,0.2981273998489046
100076AAA08Z,Q2,A,6727.0,50,0.17507096749527157,0.10923647890743571,0.0647248080995389,0.08836798581651477,0.1426460807266583,0.2981273998489046
100076AAA08Z,Q2,A,19141.5,75,0.18337468467825122,0.11666052286547526,0.0660079522570909,0.09447590859187985,0.1537230232398312,0.30480324914039836
100076AAA08Z,Q2,A,39877.0,90,0.1875800112098428,0.12065446864310458,0.06869215044853326,0.09646776852843023,0.15681289791806158,0.31118958558597487
100076AAA08Z,Q2,B,1145.5,10,0.1427380220271876,0.09084322426920691,0.05437349074792082,0.0695498292362152,0.10325321260849951,0.13160924583868397
100076AAA08Z,Q2,B,2511.25,25,0.1427380220271876,0.09084322426920691,0.05437349074792082,0.0695498292362152,0.10325321260849951,0.13160924583868397
100076AAA08Z,Q2,B,6727.0,50,0.1427380220271876,0.09084322426920691,0.05437349074792082,0.0695498292362152,0.10325321260849951,0.13160924583868397
100076AAA08Z,Q2,B,19141.5,75,0.145982326499697,0.09314836616926381,0.05597575574095814,0.07114943227312266,0.10680287217335337,0.13821430073358207
100076AAA08Z,Q2,B,39877.0,90,0.1528020027251494,0.09594227217716586,0.057246831830322725,0.07286093423588424,0.11121612910891199,0.15069706990247722
100076AAA08Z,Q4,A,1145.5,10,0.16362558307060002,0.09176498575701865,0.05149033154880754,0.06802963711241142,0.13739485574113075,0.2995192878996119
100076AAA08Z,Q4,A,2511.25,25,0.16605767962653953,0.09502241059514273,0.0511199084586512,0.07187224101976677,0.13632999232305573,0.2943965168558657
100076AAA08Z,Q4,A,6727.0,50,0.1717864478987271,0.10170847206718517,0.06002914577443067,0.0833407969672213,0.149693059920599,0.27847959626916113
100076AAA08Z,Q4,A,19141.5,75,0.17092175855019265,0.10132099372427822,0.05913593389432981,0.08161374056165163,0.14601926277580782,0.27565349188011345
100076AAA08Z,Q4,A,39877.0,90,0.17331397274146526,0.10119948813744734,0.05695783681086985,0.07842563255270907,0.1403060994160405,0.2966098771857372
100076AAA08Z,Q4,B,1145.5,10,0.13475514723877594,0.07493376570013316,0.032603477701663205,0.04981094899547167,0.09506519140205161,0.13767785573994187
100076AAA08Z,Q4,B,2511.25,25,0.13800828828858544,0.07807485611934009,0.034433702156911036,0.052863989401974856,0.1019862983629185,0.13795799907101342
100076AAA08Z,Q4,B,6727.0,50,0.13975192259064323,0.08040123164115837,0.03501527161890145,0.05418558823209607,0.1047267674600968,0.13962640559903985
100076AAA08Z,Q4,B,19141.5,75,0.14135732074682697,0.0811529727203073,0.03567470904650324,0.0547068021384578,0.1062757672151363,0.15104828503378134
100076AAA08Z,Q4,B,39877.0,90,0.14767411588822316,0.08779434759605059,0.03812237318910478,0.05814684973709296,0.11367434623672458,0.1587351808110035
100076AAK08W,Q2,A,573.5,10,0.18219295492569376,0.10597226531079343,0.0636665065052678,0.0815545152296689,0.14509237247128814,0.6740103914845516
100076AAK08W,Q2,A,1108.75,25,0.18291160962090422,0.10666052445815767,0.0647248080995389,0.08255652535222793,0.14391689833934487,0.7117028378246398
100076AAK08W,Q2,A,4814.0,50,0.18247140339390303,0.10568185306919646,0.06353310819131289,0.08194084926859567,0.147411736860942,0.7152030645071038
100076AAK08W,Q2,A,13333.75,75,0.19050612680083998,0.11298317341231132,0.0660079522570909,0.08733866040388764,0.15397830025578443,0.7273238405585987
100076AAK08W,Q2,A,32265.0,90,0.1948862913683439,0.11576743006173883,0.06953012678848171,0.09059387671317122,0.1575933170043381,0.7371290088827968
100076AAK08W,Q2,B,573.5,10,0.15596458768835578,0.0918500657406443,0.05437349074792082,0.0695498292362152,0.10449187121563584,0.7184051756663766
100076AAK08W,Q2,B,1108.75,25,0.15596458768835578,0.0918500657406443,0.05437349074792082,0.0695498292362152,0.10449187121563584,0.7184051756663766
100076AAK08W,Q2,B,4814.0,50,0.15596458768835578,0.0918500657406443,0.05437349074792082,0.0695498292362152,0.10449187121563584,0.7184051756663766
100076AAK08W,Q2,B,13333.75,75,0.15915098743628506,0.09447024659147184,0.05597575574095814,0.07114943227312266,0.10680287217335337,0.7241299452433089
100076AAK08W,Q2,B,32265.0,90,0.1667289169240989,0.09798446077133595,0.057869315411601764,0.07586193888408654,0.11287460439385304,0.7467899571839197
100076AAK08W,Q4,A,573.5,10,0.1716444190442931,0.08689704713675311,0.060218305737060135,0.06553409506231583,0.14536193044100476,0.6806996541306374
100076AAK08W,Q4,A,1108.75,25,0.17253495750189296,0.08645707260028924,0.05149033154880754,0.06882282828233391,0.14353089032259173,0.7243050706436898
100076AAK08W,Q4,A,4814.0,50,0.17820842849469365,0.09680889538117217,0.05727815911039777,0.07719806339853502,0.14387096612843228,0.7657458502451091
100076AAK08W,Q4,A,13333.75,75,0.18104268503232973,0.09979304071527803,0.06002914577443067,0.08082376712377921,0.15097162343265844,0.7643737090708866
100076AAK08W,Q4,A,32265.0,90,0.1818025237679894,0.09866979621539299,0.05788438180138123,0.0774929939762396,0.14239415661986052,0.776894135690372
100076AAK08W,Q4,B,573.5,10,0.1490129271466717,0.08141879794275286,0.0336008334183959,0.05099910584666709,0.09489515873628238,0.7305274034974392
100076AAK08W,Q4,B,1108.75,25,0.14814537872448685,0.08117081476786767,0.03276849291590692,0.04981094899547167,0.09506519140205161,0.7253964926597336
100076AAK08W,Q4,B,4814.0,50,0.15337907425646746,0.08672827017851716,0.03374220375461052,0.05418558823209607,0.1047267674600968,0.741832868673325
100076AAK08W,Q4,B,13333.75,75,0.15484539704662917,0.08736251430199428,0.034307448113818154,0.05459607452372758,0.10607237523638177,0.743231643279111
100076AAK08W,Q4,B,32265.0,90,0.1548550121055988,0.08753354340839714,0.034378524164034426,0.0547068021384578,0.1062757672151363,0.7417290366359556
100076AAK08X,Q2,A,1097.4,10,0.2054165278958024,0.1287518221982641,0.07859089076296746,0.09764835370715609,0.21966675325259835,0.4024551491858468
100076AAK08X,Q2,A,2250.5,25,0.2059421323809379,0.12846782545550497,0.08076659466367621,0.0964098286918898,0.22398930009684806,0.4089094919966813
100076AAK08X,Q2,A,5761.5,50,0.20563418975009184,0.12816731674980247,0.07941957160082243,0.09938400348494565,0.2268692168444847,0.393315148112054
100076AAK08X,Q2,A,14458.75,75,0.2139530361596799,0.13531407718725394,0.08147628276740901,0.10485315950619117,0.23777850545299695,0.41309620143249626
100076AAK08X,Q2,A,30108.399999999994,90,0.21998089958865394,0.1400719289656796,0.08512945685886657,0.10925656776836676,0.24511785460370597,0.42739985075444886
100076AAK08X,Q2,B,1097.4,10,0.1513994941467187,0.08188927016395825,0.05437349074792082,0.0695498292362152,0.1026773549510479,0.19599656527715592
100076AAK08X,Q2,B,2250.5,25,0.1513994941467187,0.08188927016395825,0.05437349074792082,0.0695498292362152,0.1026773549510479,0.19599656527715592
100076AAK08X,Q2,B,5761.5,50,0.1513994941467187,0.08188927016395825,0.05437349074792082,0.0695498292362152,0.1026773549510479,0.19599656527715592
100076AAK08X,Q2,B,14458.75,75,0.15456729723173085,0.0842746259344232,0.05597575574095814,0.07114943227312266,0.10585575353085795,0.1998465160448335
100076AAK08X,Q2,B,30108.399999999994,90,0.16126116237317492,0.09455405504561022,0.057246831830322725,0.07220471446083823,0.11006374311623707,0.21344490011623957
100076AAK08X,Q4,A,1097.4,10,0.19594617282164234,0.10514261221899474,0.06328288337322605,0.07708629461625655,0.18947804212573904,0.39679363153487995
100076AAK08X,Q4,A,2250.5,25,0.19674070892947362,0.10621702551638829,0.06405966035489487,0.08025222808306524,0.18887523241668208,0.3964055044597288
100076AAK08X,Q4,A,5761.5,50,0.1975055972245187,0.11374175368413086,0.06420772945790243,0.08959302284144252,0.18448547705139254,0.38268861726392356
100076AAK08X,Q4,A,14458.75,75,0.19999842019149605,0.1189391343560533,0.06445890443442964,0.0895413946110667,0.1864640784353001,0.38761345562547855
100076AAK08X,Q4,A,30108.399999999994,90,0.20214540754086818,0.11588638202717054,0.0639722082304952,0.08927345220202276,0.19196652253537777,0.40645148277313614
100076AAK08X,Q4,B,1097.4,10,0.1430129627269395,0.06957914994681334,0.03276849291590692,0.04981094899547167,0.0930991003064912,0.19590612943135724
100076AAK08X,Q4,B,2250.5,25,0.14597559201164784,0.07134551284041114,0.03349105871654187,0.052863989401974856,0.10146572715608763,0.19786199032536925
100076AAK08X,Q4,B,5761.5,50,0.1477788531338115,0.07336977652453641,0.03374220375461052,0.05418558823209607,0.10274541231665653,0.1999486446489831
100076AAK08X,Q4,B,14458.75,75,0.14928748465273067,0.07437984966325498,0.034378524164034426,0.0547068021384578,0.10368252102614678,0.20966193609382722
100076AAK08X,Q4,B,30108.399999999994,90,0.14928748465273067,0.07437984966325498,0.034378524164034426,0.0547068021384578,0.10368252102614678,0.20966193609382722
100097FPA05P,Q2,A,48099.700000000004,10,0.1686465207839082,0.13831197821570315,0.09231247073694465,0.10632397812239494,0.17775959738928132,0.2399446262820546
100097FPA05P,Q2,A,75000.0,25,0.1686465207839082,0.13831197821570315,0.09231247073694465,0.10632397812239494,0.17775959738928132,0.2399446262820546
100097FPA05P,Q2,A,140000.0,50,0.1676254951424858,0.13879243814823547,0.09256486930771882,0.1051755980578768,0.17550510756433207,0.23825982127365117
100097FPA05P,Q2,A,233292.75,75,0.1705269570100285,0.14143855180004092,0.09442627616564325,0.10726059411929781,0.1787059165597195,0.24226883245779687
100097FPA05P,Q2,A,347815.3999999999,90,0.17739497436074633,0.1483666278557321,0.0976540828947998,0.11304068420402384,0.1864356330576422,0.263774895704956
100097FPA05P,Q2,B,48099.700000000004,10,0.12531666295052202,0.1150011563747744,0.06376589597011299,0.07950847997157887,0.1337070995331113,0.15986552262429615
100097FPA05P,Q2,B,75000.0,25,0.12531666295052202,0.1150011563747744,0.06376589597011299,0.07950847997157887,0.1337070995331113,0.15986552262429615
100097FPA05P,Q2,B,140000.0,50,0.12531666295052202,0.1150011563747744,0.06376589597011299,0.07950847997157887,0.1337070995331113,0.15986552262429615
100097FPA05P,Q2,B,233292.75,75,0.1254098390603997,0.11524299089479746,0.0639077687835734,0.07968239745935023,0.1339823152948809,0.16018462549174292
100097FPA05P,Q2,B,347815.3999999999,90,0.130340904130168,0.11799690156097141,0.06594292566470376,0.08213949964799586,0.14265266831026469,0.16673172982064371
100097FPA05P,Q4,A,48099.700000000004,10,0.17816092176109702,0.15696313615961277,0.10302936196678654,0.12075762510297795,0.19460471496203405,0.2542690818634728
100097FPA05P,Q4,A,75000.0,25,0.17798025671651863,0.15654103331790914,0.10273462215252697,0.12041897805158679,0.1941046936240702,0.253664040861556
100097FPA05P,Q4,A,140000.0,50,0.17909127409967357,0.15353042207955112,0.10543823333286012,0.12093044754460827,0.19204818112522332,0.255620813253609
100097FPA05P,Q4,A,233292.75,75,0.18064765653698972,0.15537174840568943,0.1036307206324141,0.12227378623195767,0.19558377306419167,0.2583128913687374
100097FPA05P,Q4,A,347815.3999999999,90,0.18064765653698972,0.15537174840568943,0.1036307206324141,0.12227378623195767,0.19558377306419167,0.2583128913687374
100097FPA05P,Q4,B,48099.700000000004,10,0.1296844826236808,0.11962640550900724,0.05306651641161281,0.07587592294825783,0.1532546582894977,0.17727965725241043
100097FPA05P,Q4,B,75000.0,25,0.1305121151121387,0.11596510740065172,0.0538798148142383,0.07228866012667945,0.1592435356875776,0.18453948868338035
100097FPA05P,Q4,B,140000.0,50,0.13320450538791728,0.1167858111357646,0.05523837191562113,0.07282572771600934,0.16031499497579146,0.19769318929837437
100097FPA05P,Q4,B,233292.75,75,0.13408409251062386,0.11753824556704107,0.05561923960503772,0.07331845024415191,0.16129667431027545,0.19884954894330834
100097FPA05P,Q4,B,347815.3999999999,90,0.13408409251062386,0.11753824556704107,0.05561923960503772,0.07331845024415191,0.16129667431027545,0.19884954894330834
100110AAA06Z,Q2,A,4953.6,10,0.25343119598818015,0.11006731880116707,0.07208856362989363,0.08743118530208002,0.149975680797511,0.7629303140746311
100110AAA06Z,Q2,A,12064.0,25,0.25343119598818015,0.11006731880116707,0.07208856362989363,0.08743118530208002,0.149975680797511,0.7629303140746311
100110AAA06Z,Q2,A,31300.0,50,0.2538839983202752,0.10624974210968816,0.07209243221807045,0.08700584783207997,0.15119695318296025,0.7646528905244049
100110AAA06Z,Q2,A,80642.25,75,0.2586902071208589,0.11497914107721094,0.07748223895425417,0.09408326862542347,0.15948816637948626,0.7616837535091363
100110AAA06Z,Q2,A,144715.50000000006,90,0.2606361611299695,0.11675464758018414,0.078785482978072,0.09650160768534376,0.16192862965654753,0.7617184768613814
100110AAA06Z,Q2,B,4953.6,10,0.266722107795189,0.1075903762479168,0.07224093275700258,0.08672798109174898,0.1794809332218342,0.8159989894838648
100110AAA06Z,Q2,B,12064.0,25,0.266722107795189,0.1075903762479168,0.07224093275700258,0.08672798109174898,0.1794809332218342,0.8159989894838648
100110AAA06Z,Q2,B,31300.0,50,0.266722107795189,0.1075903762479168,0.07224093275700258,0.08672798109174898,0.1794809332218342,0.8159989894838648
100110AAA06Z,Q2,B,80642.25,75,0.2704962384649582,0.11843924170302768,0.07462160874132087,0.08983232162151879,0.18405228487112862,0.8195461192637676
100110AAA06Z,Q2,B,144715.50000000006,90,0.2729486785323055,0.11599306304019465,0.07854022532326034,0.09301298949901013,0.16576365191213893,0.8267180737894892
100110AAA06Z,Q4,A,4953.6,10,0.24398335141445868,0.09918993065706773,0.04987537978606595,0.07158107584582463,0.1620583612398948,0.7668152910498074
100110AAA06Z,Q4,A,12064.0,25,0.25597246960214104,0.10223469445167373,0.05419904269280203,0.07668997686114615,0.16851883892426664,0.7900546872439221
100110AAA06Z,Q4,A,31300.0,50,0.2587051444949077,0.10494527998601436,0.05731261926686999,0.07688323494812305,0.1633395973334812,0.7959675484406733
100110AAA06Z,Q4,A,80642.25,75,0.2612710460000866,0.10693182468242032,0.058520988875435956,0.07807994125408925,0.16638885334304632,0.8021350138024371
100110AAA06Z,Q4,A,144715.50000000006,90,0.26083496694299335,0.10630301742396521,0.056399852845401194,0.07718331827307721,0.17032225512303187,0.7998849260864375
100110AAA06Z,Q4,B,4953.6,10,0.2598686529582658,0.0950840263954755,0.0550882602702885,0.07005816535863917,0.16243181222399988,0.843150967121719
100110AAA06Z,Q4,B,12064.0,25,0.2629319689028162,0.09834066289615603,0.05706142052996999,0.07252636469670345,0.16756798662371175,0.8459147200648719
100110AAA06Z,Q4,B,31300.0,50,0.26280539368210026,0.10071827103798128,0.06324331724796442,0.07222244504733594,0.1657763143952589,0.8369675513656326
100110AAA06Z,Q4,B,80642.25,75,0.26547945406857,0.1032932288059039,0.06148555389707058,0.07357547985233029,0.16939209537765224,0.8430226406005016
100110AAA06Z,Q4,B,144715.50000000006,90,0.2653761619921306,0.10349190876287342,0.06160934366774613,0.07372169825821834,0.169693853790507,0.8419788365213566
100165AAA0DU,Q2,A,1287.2000000000003,10,0.1332520088828659,0.08623270251165274,0.06601120340224885,0.07373048546065358,0.1009938069993892,0.12309700176737859
100165AAA0DU,Q2,A,4026.5,25,0.13186360699082672,0.08622486864693553,0.0668977239260775,0.07318122832748411,0.10198213789503402,0.12072092226595439
100165AAA0DU,Q2,A,9462.0,50,0.13186360699082672,0.08622486864693553,0.0668977239260775,0.07318122832748411,0.10198213789503402,0.12072092226595439
100165AAA0DU,Q2,A,15000.0,75,0.1322901109140429,0.08532934462864201,0.06576541338773084,0.07368087970824418,0.10354607012680556,0.11992135524200456
100165AAA0DU,Q2,A,22559.399999999998,90,0.14093318173139802,0.09012291268150742,0.0687818351298332,0.07612740180311603,0.11608325923304105,0.13887163182046386
100165AAA0DU,Q2,B,1287.2000000000003,10,0.1433346057210569,0.08916923623962056,0.07555020785049657,0.08151659815416376,0.1084384467625032,0.1638111608097504
100165AAA0DU,Q2,B,4026.5,25,0.1433346057210569,0.08916923623962056,0.07555020785049657,0.08151659815416376,0.1084384467625032,0.1638111608097504
100165AAA0DU,Q2,B,9462.0,50,0.1433346057210569,0.08916923623962056,0.07555020785049657,0.08151659815416376,0.1084384467625032,0.1638111608097504
100165AAA0DU,Q2,B,15000.0,75,0.1433346057210569,0.08916923623962056,0.07555020785049657,0.08151659815416376,0.1084384467625032,0.1638111608097504
100165AAA0DU,Q2,B,22559.399999999998,90,0.14759195435427758,0.09156168717959733,0.07760838882827385,0.0837223891234883,0.1148959748218477,0.16783725848633468
100165AAA0DU,Q4,A,1287.2000000000003,10,0.1184302475225269,0.06362429230661501,0.04725068742032752,0.054246818127825926,0.0924360187364048,0.11951823254341323
100165AAA0DU,Q4,A,4026.5,25,0.130578066221671,0.07095862750622746,0.053831208212078735,0.05977465264319159,0.10186387084549095,0.11936174446712466
100165AAA0DU,Q4,A,9462.0,50,0.13588680993166172,0.07897606619823398,0.05871942455733569,0.0645450281573026,0.10349700881956968,0.11722025796461208
100165AAA0DU,Q4,A,15000.0,75,0.1384076740560136,0.08118065866398656,0.060487766734825386,0.06686147985277797,0.10705142749365658,0.12040520106339038
100165AAA0DU,Q4,A,22559.399999999998,90,0.1384076740560136,0.08118065866398656,0.060487766734825386,0.06686147985277797,0.10705142749365658,0.12040520106339038
100165AAA0DU,Q4,B,1287.2000000000003,10,0.14296187412267725,0.08447290594158609,0.06203609854137747,0.0801624222699431,0.10368442673092954,0.15201743213503144
100165AAA0DU,Q4,B,4026.5,25,0.14545966024371684,0.0882592534644409,0.06450297304027564,0.08345695442513076,0.10464581756402833,0.15830783341581892
100165AAA0DU,Q4,B,9462.0,50,0.1490347967354741,0.09343800125503568,0.06902615830644021,0.08819831795384979,0.10845479755611916,0.16720744048886418
100165AAA0DU,Q4,B,15000.0,75,0.15026485967053368,0.09410414862275124,0.07067510587627672,0.0886199317156535,0.11093340775746419,0.16793717799049235
100165AAA0DU,Q4,B,22559.399999999998,90,0.15143537258476708,0.09652445243987921,0.07254108105584092,0.08952187767101558,0.10842275028877756,0.17189609498888933
100352XUZ0B9,Q2,A,55.4,10,0.10620090189050457,0.10203869172702533,0.07385568481408021,0.08288209109221437,0.12233187581127189,0.155981442347686
100352XUZ0B9,Q2,A,106.0,25,0.10620090189050457,0.10203869172702533,0.07385568481408021,0.08288209109221437,0.12233187581127189,0.155981442347686
100352XUZ0B9,Q2,A,212.0,50,0.10650029483803848,0.10258419560249099,0.07307701161271495,0.08267900683860094,0.12644960730417665,0.15516870653968867
100352XUZ0B9,Q2,A,330.0,75,0.11111007003722205,0.10825243126027873,0.07430286808392715,0.08506160180333903,0.13434833183445763,0.16026698417640797
100352XUZ0B9,Q2,A,543.5999999999999,90,0.12096914879586612,0.11664083003906585,0.07992779377360638,0.09113108083622527,0.14526020939209078,0.1719784818143811
100352XUZ0B9,Q2,B,55.4,10,0.1056346278704466,0.08779410101397267,0.07072419087022026,0.07594467853068658,0.12203673712962981,0.17720436301670156
100352XUZ0B9,Q2,B,106.0,25,0.1056346278704466,0.08779410101397267,0.07072419087022026,0.07594467853068658,0.12203673712962981,0.17720436301670156
100352XUZ0B9,Q2,B,212.0,50,0.1056346278704466,0.08779410101397267,0.07072419087022026,0.07594467853068658,0.12203673712962981,0.17720436301670156
100352XUZ0B9,Q2,B,330.0,75,0.1056346278704466,0.08779410101397267,0.07072419087022026,0.07594467853068658,0.12203673712962981,0.17720436301670156
100352XUZ0B9,Q2,B,543.5999999999999,90,0.110021882659676,0.09225036493034872,0.07438467037205992,0.07968989246553802,0.12614342601950584,0.1849437591904679
100352XUZ0B9,Q4,A,55.4,10,0.11623348600353132,0.10365245745621987,0.060326635006022616,0.07671285665859125,0.14429223075194847,0.19365136707185748
100352XUZ0B9,Q4,A,106.0,25,0.11623348600353132,0.10365245745621987,0.060326635006022616,0.07671285665859125,0.14429223075194847,0.19365136707185748
100352XUZ0B9,Q4,A,212.0,50,0.11596123858305217,0.10235644066286735,0.0577678573960202,0.07572522190387396,0.1442678382696287,0.19633577117088502
100352XUZ0B9,Q4,A,330.0,75,0.11649340922140539,0.10305717227543773,0.05559747369802643,0.07330032864547227,0.14840180878780806,0.20383061480139558
100352XUZ0B9,Q4,A,543.5999999999999,90,0.12651081661307928,0.11258188191611226,0.059975657177052256,0.07812161330627272,0.16299727180945936,0.22527913636894792
100352XUZ0B9,Q4,B,55.4,10,0.10698362523405451,0.08363286666225968,0.06085567643712419,0.07118319763273677,0.13546309430666945,0.20730719390111213
100352XUZ0B9,Q4,B,106.0,25,0.10868271993433296,0.08580936562181728,0.06247982752814125,0.07306153289379108,0.13878416188364953,0.21195778939632356
100352XUZ0B9,Q4,B,212.0,50,0.10936988422849385,0.08638174844985567,0.06290730134004098,0.07355572433522559,0.1396559264570795,0.2131754168725098
100352XUZ0B9,Q4,B,330.0,75,0.10936988422849385,0.08638174844985567,0.06290730134004098,0.07355572433522559,0.1396559264570795,0.2131754168725098
100352XUZ0B9,Q4,B,543.5999999999999,90,0.11387310435256753,0.08956240955313882,0.06528537509243486,0.07630356136967957,0.1444879686579604,0.223279183296309
100353XUZ0AG,Q2,A,12.0,10,0.11365704335126704,0.1074781093792949,0.07547026357338313,0.09303295580411639,0.12803546475769229,0.1626616613079914
100353XUZ0AG,Q2,A,58.75,25,0.10719830870090286,0.10386194456815824,0.07490549022832281,0.08535221384550694,0.12147198927391584,0.15617191655397258
100353XUZ0AG,Q2,A,247.5,50,0.10749601125550308,0.10496848246734365,0.07419399043182213,0.08446231808819793,0.12281900625519424,0.15383440374102275
100353XUZ0AG,Q2,A,626.0,75,0.11788465883631244,0.115088462916612,0.07871794149738065,0.08785702542540395,0.13812191685331665,0.15955907778915907
100353XUZ0AG,Q2,A,1067.0,90,0.12388114269749384,0.12089545459788276,0.08224496758776881,0.09256778050286137,0.14490075135382605,0.17115992262994228
100353XUZ0AG,Q2,B,12.0,10,0.10007459122175749,0.08690428258213384,0.0702291031348214,0.07504208562388394,0.11828869527065172,0.17713869992564782
100353XUZ0AG,Q2,B,58.75,25,0.10007459122175749,0.08690428258213384,0.0702291031348214,0.07504208562388394,0.11828869527065172,0.17713869992564782
100353XUZ0AG,Q2,B,247.5,50,0.10007459122175749,0.08690428258213384,0.0702291031348214,0.07504208562388394,0.11828869527065172,0.17713869992564782
100353XUZ0AG,Q2,B,626.0,75,0.10434778983699841,0.09122837766616979,0.07371493851107468,0.07878658649513931,0.12242611210892317,0.17110916140790644
100353XUZ0AG,Q2,B,1067.0,90,0.1150205245227382,0.10440682633955173,0.07881173307820068,0.08923880659240006,0.13324113475270877,0.189358188134429
100353XUZ0AG,Q4,A,12.0,10,0.10914757058407001,0.09810779517468893,0.0656707483695899,0.07550998592332481,0.13540474917866324,0.1765168432502638
100353XUZ0AG,Q4,A,58.75,25,0.11551147873287984,0.10629627832099287,0.06518051635694297,0.08227535416663856,0.14204536771293397,0.19067039723733056
100353XUZ0AG,Q4,A,247.5,50,0.11493901514711241,0.1051264660533185,0.06162808577503461,0.08235105539210831,0.1404766815194085,0.18271165286893618
100353XUZ0AG,Q4,A,626.0,75,0.1246287336979046,0.11643776633144476,0.06605553294022573,0.08846442863434997,0.14978025181263913,0.19146085713368013
100353XUZ0AG,Q4,A,1067.0,90,0.1284195010973781,0.11691187063520656,0.06534034617488965,0.08921772485026588,0.15531649935850303,0.1943285262442958
100353XUZ0AG,Q4,B,12.0,10,0.0920940420434043,0.07304407757257503,0.05484333765501509,0.06325846253231447,0.10494725898850148,0.17577042238231758
100353XUZ0AG,Q4,B,58.75,25,0.09860566343244155,0.079964502684456,0.06057019147656999,0.0700910941677679,0.11064940533712421,0.177663162536785
100353XUZ0AG,Q4,B,247.5,50,0.10078271633304477,0.08260361856112042,0.0626128063432311,0.07243005955959517,0.10821523333841322,0.17401264866287106
100353XUZ0AG,Q4,B,626.0,75,0.10572586357726435,0.08615974641608422,0.062477207479771306,0.07604807972689885,0.11222748924429782,0.179029707999987
100353XUZ0AG,Q4,B,1067.0,90,0.10572586357726435,0.08615974641608422,0.062477207479771306,0.07604807972689885,0.11222748924429782,0.179029707999987
100354XUZ0AH,Q2,A,59.5,10,0.10686362756647699,0.10203869172702533,0.07385568481408021,0.08331017829292824,0.1240159922556607,0.15715704005730785
100354XUZ0AH,Q2,A,106.0,25,0.10686362756647699,0.10203869172702533,0.07385568481408021,0.08331017829292824,0.1240159922556607,0.15715704005730785
100354XUZ0AH,Q2,A,196.5,50,0.1071654196473784,0.10217156223514058,0.07315336820453126,0.08295906637195757,0.12668881300577642,0.15511156358666028
100354XUZ0AH,Q2,A,330.0,75,0.11491366840827259,0.11018480690735423,0.07546769796855451,0.08584207747987055,0.13813701878379078,0.16796138730509494
100354XUZ0AH,Q2,A,516.0,90,0.12162831336017371,0.11678204097073891,0.08017356186081392,0.09113108083622527,0.14613300040596763,0.17732715280832895
100354XUZ0AH,Q2,B,59.5,10,0.12088400110624184,0.10279349780405722,0.08188462138728647,0.0889633600237741,0.14211056278794706,0.20477885012441324
100354XUZ0AH,Q2,B,106.0,25,0.12088400110624184,0.10279349780405722,0.08188462138728647,0.0889633600237741,0.14211056278794706,0.20477885012441324
100354XUZ0AH,Q2,B,196.5,50,0.12088400110624184,0.10279349780405722,0.08188462138728647,0.0889633600237741,0.14211056278794706,0.20477885012441324
100354XUZ0AH,Q2,B,330.0,75,0.12113149770289162,0.10301264714987686,0.0820632729834285,0.08915595592931994,0.14240023250020437,0.2051656925148807
100354XUZ0AH,Q2,B,516.0,90,0.12583018209807806,0.10781550130214133,0.08606923006067047,0.09328577503497931,0.14137461458650552,0.2134097924343622
100354XUZ0AH,Q4,A,59.5,10,0.1169719311359426,0.1026454275893342,0.060326635006022616,0.07657191038193471,0.14465137413374657,0.19365136707185748
100354XUZ0AH,Q4,A,106.0,25,0.1169719311359426,0.1026454275893342,0.060326635006022616,0.07657191038193471,0.14465137413374657,0.19365136707185748
100354XUZ0AH,Q4,A,196.5,50,0.11614036448492597,0.10123786625896555,0.059160417090638504,0.07454613593063095,0.14367023154741035,0.19145656129087232
100354XUZ0AH,Q4,A,330.0,75,0.11724597382680635,0.10305717227543773,0.05615364044270197,0.07131975067410981,0.15013766943396933,0.20364946404555767
100354XUZ0AH,Q4,A,516.0,90,0.12345362601229413,0.10900604040355771,0.057961568285276675,0.07351060941922515,0.15872293302965787,0.21900718024271335
100354XUZ0AH,Q4,B,59.5,10,0.12905808303807859,0.10614857092177879,0.07477098468310903,0.08942145166731262,0.17208565276314622,0.23774529620908996
100354XUZ0AH,Q4,B,106.0,25,0.13110151836481865,0.10916566868080844,0.07673612641438979,0.09173351236444502,0.16807961542468303,0.24286951165122553
100354XUZ0AH,Q4,B,196.5,50,0.13190851471946521,0.10987512225442017,0.07725308980372789,0.09234141942555932,0.16909926590037966,0.2442096864866926
100354XUZ0AH,Q4,B,330.0,75,0.13190851471946521,0.10987512225442017,0.07725308980372789,0.09234141942555932,0.16909926590037966,0.2442096864866926
100354XUZ0AH,Q4,B,516.0,90,0.1438766423761924,0.11961102564052009,0.08421544775077147,0.10051566151641837,0.18549577515960333,0.26892413710899327
100356XUZ0AI,Q2,A,42.2,10,0.10834881620649531,0.10669088768559991,0.07385568481408021,0.08459443989506985,0.1253986967547913,0.1572334774099007
100356XUZ0AI,Q2,A,82.0,25,0.10834881620649531,0.10669088768559991,0.07385568481408021,0.08459443989506985,0.1253986967547913,0.1572334774099007
100356XUZ0AI,Q2,A,145.0,50,0.1086335755649296,0.10614481365179677,0.07315336820453126,0.08379924497202748,0.12691484367342382,0.15516870653968867
100356XUZ0AI,Q2,A,240.0,75,0.11655427182916243,0.11394933235055493,0.07546769796855451,0.08584207747987055,0.13999711525240438,0.16885638490809418
100356XUZ0AI,Q2,A,411.9999999999999,90,0.12336456539953364,0.12074138103509177,0.08017356186081392,0.091259299212221,0.14808228434996829,0.17826142640022108
100356XUZ0AI,Q2,B,42.2,10,0.12136655260136787,0.10588626605987864,0.08209859622376577,0.08884544484154716,0.14211056278794706,0.20532217919215423
100356XUZ0AI,Q2,B,82.0,25,0.12136655260136787,0.10588626605987864,0.08209859622376577,0.08884544484154716,0.14211056278794706,0.20532217919215423
100356XUZ0AI,Q2,B,145.0,50,0.12136655260136787,0.10588626605987864,0.08209859622376577,0.08884544484154716,0.14211056278794706,0.20532217919215423
100356XUZ0AI,Q2,B,240.0,75,0.1216149702443632,0.10611123118028579,0.08227767293214494,0.08903781052135405,0.14240023250020437,0.2057097831994267
100356XUZ0AI,Q2,B,411.9999999999999,90,0.12640334021263555,0.1111489598706168,0.08629311471422949,0.09316271894645911,0.14473498984915303,0.21396987674068768
100356XUZ0AI,Q4,A,42.2,10,0.11738741630273877,0.10205590108191083,0.0637319778745447,0.07874784857381562,0.14118941887709674,0.1878263954447842
100356XUZ0AI,Q4,A,82.0,25,0.11908288251829073,0.1052722497361006,0.060326635006022616,0.08075474953650581,0.14477108859434593,0.19365136707185748
100356XUZ0AI,Q4,A,145.0,50,0.11815255412853058,0.10534098532232042,0.05857633655947753,0.07837610948899154,0.14486143867099563,0.19145656129087232
100356XUZ0AI,Q4,A,240.0,75,0.11917358333943495,0.1043666304148539,0.05650321702125386,0.07574098396274101,0.1499970320732366,0.20168753805405598
100356XUZ0AI,Q4,A,411.9999999999999,90,0.12189444082409802,0.10787515785891337,0.055948387788134914,0.07605726122089419,0.1555074472179123,0.21266314211055862
100356XUZ0AI,Q4,B,42.2,10,0.12966237012558995,0.10665910647612999,0.07709696113875271,0.08993868951772284,0.1712249689890873,0.23774529620908996
100356XUZ0AI,Q4,B,82.0,25,0.13176733921204878,0.10936333397249333,0.07911800021289843,0.09226277134858533,0.16807961542468303,0.24286951165122553
100356XUZ0AI,Q4,B,145.0,50,0.13257826241473206,0.11007391370559065,0.07964962391550692,0.09287382779586081,0.16909926590037966,0.2442096864866926
100356XUZ0AI,Q4,B,240.0,75,0.13257826241473206,0.11007391370559065,0.07964962391550692,0.09287382779586081,0.16909926590037966,0.2442096864866926
100356XUZ0AI,Q4,B,411.9999999999999,90,0.14460527915173127,0.11961609494477739,0.08680762202105001,0.10108996064489852,0.18270057752352087,0.26892413710899327
100358XUZ0AJ,Q2,A,142.20000000000002,10,0.11132166333328922,0.10754519315262055,0.07350680354704028,0.08616857279516951,0.13065801944048838,0.15668792004337878
100358XUZ0AJ,Q2,A,290.0,25,0.11132166333328922,0.10754519315262055,0.07350680354704028,0.08616857279516951,0.13065801944048838,0.15668792004337878
100358XUZ0AJ,Q2,A,556.5,50,0.11172960916202952,0.10653685101392726,0.07280754374756584,0.08523079243064118,0.13064814337051323,0.15801455026720002
100358XUZ0AJ,Q2,A,900.0,75,0.12014551466183718,0.112804487796917,0.0751118194130025,0.08558335537147382,0.14588202250737628,0.17416661900177194
100358XUZ0AJ,Q2,A,1514.9000000000012,90,0.12538078819736342,0.1179374159463624,0.07868185840913261,0.08960288502882914,0.15371162319400083,0.1814603749057008
100358XUZ0AJ,Q2,B,142.20000000000002,10,0.12666426712895182,0.10807824525691552,0.08659455492733126,0.0940441559477886,0.1528304655211098,0.19964515566919655
100358XUZ0AJ,Q2,B,290.0,25,0.12666426712895182,0.10807824525691552,0.08659455492733126,0.0940441559477886,0.1528304655211098,0.19964515566919655
100358XUZ0AJ,Q2,B,556.5,50,0.12666426712895182,0.10807824525691552,0.08659455492733126,0.0940441559477886,0.1528304655211098,0.19964515566919655
100358XUZ0AJ,Q2,B,900.0,75,0.12755315103083323,0.10886675884953972,0.08724165976950751,0.09474115567667095,0.1538891470823225,0.20095120725710575
100358XUZ0AJ,Q2,B,1514.9000000000012,90,0.13131664927429904,0.1127482287339308,0.09061232113824809,0.09817448139543802,0.15231246077282454,0.20735187244284092
100358XUZ0AJ,Q4,A,142.20000000000002,10,0.1129853463316723,0.09813828499117391,0.05871100210806903,0.06976282710167789,0.14081597317078953,0.1862224223896024
100358XUZ0AJ,Q4,A,290.0,25,0.11429679162274015,0.09850889772280308,0.05572570606226349,0.07020208281017451,0.14665718977961165,0.1949285256658017
100358XUZ0AJ,Q4,A,556.5,50,0.12081671662619375,0.10372963578995427,0.05859574177324575,0.07162500393976808,0.15822835127534585,0.21170046326029401
100358XUZ0AJ,Q4,A,900.0,75,0.1259460930841209,0.10465213958091885,0.05795632191009599,0.07085409097361045,0.16694275764549438,0.2335664768366866
100358XUZ0AJ,Q4,A,1514.9000000000012,90,0.1259460930841209,0.10465213958091885,0.05795632191009599,0.07085409097361045,0.16694275764549438,0.2335664768366866
100358XUZ0AJ,Q4,B,142.20000000000002,10,0.1388230245381635,0.12101194952552612,0.08801676054788646,0.10111909721564485,0.17302014229973872,0.21598869831819476
100358XUZ0AJ,Q4,B,290.0,25,0.1388230245381635,0.12101194952552612,0.08801676054788646,0.10111909721564485,0.17302014229973872,0.21598869831819476
100358XUZ0AJ,Q4,B,556.5,50,0.1486909278468822,0.13119829247912912,0.09572819415124201,0.10984021112141887,0.180814808856663,0.225192272182711
100358XUZ0AJ,Q4,B,900.0,75,0.14710340194115457,0.12906849631747716,0.09496133197315317,0.10515566896220675,0.18520888967967866,0.2257950864051825
100358XUZ0AJ,Q4,B,1514.9000000000012,90,0.1503845232710893,0.1306400062973812,0.09616339599802902,0.10647161562087694,0.1873169333107925,0.23921382616893402
100360XUZ0B9,Q2,A,15.200000000000003,10,0.1065305182140699,0.10196452877357381,0.07385568481408021,0.08288209109221437,0.12502006871530674,0.1571111776457521
100360XUZ0B9,Q2,A,30.0,25,0.1065305182140699,0.10196452877357381,0.07385568481408021,0.08288209109221437,0.12502006871530674,0.1571111776457521
100360XUZ0B9,Q2,A,53.0,50,0.10686995530268294,0.10258419560249099,0.07312791600725915,0.08267900683860094,0.12668881300577642,0.15543441468477667
100360XUZ0B9,Q2,A,90.0,75,0.11457543124743709,0.11005057804985115,0.0753451674915695,0.08584207747987055,0.13865070240401905,0.16527639449609707
100360XUZ0B9,Q2,A,136.0,90,0.121266275687696,0.11664083003906585,0.08009163916507808,0.09113108083622527,0.14667124687102953,0.17452433203265244
100360XUZ0B9,Q2,B,15.200000000000003,10,0.1211887877700406,0.10050719279066724,0.08228346258560067,0.08884544484154716,0.1441243304165433,0.2074954954631183
100360XUZ0B9,Q2,B,30.0,25,0.1211887877700406,0.10050719279066724,0.08228346258560067,0.08884544484154716,0.1441243304165433,0.2074954954631183
100360XUZ0B9,Q2,B,53.0,50,0.1211887877700406,0.10050719279066724,0.08228346258560067,0.08884544484154716,0.1441243304165433,0.2074954954631183
100360XUZ0B9,Q2,B,90.0,75,0.12143677021154442,0.10072201697813504,0.08246290628517293,0.08903781052135405,0.14441741343301084,0.2078861459376108
100360XUZ0B9,Q2,B,136.0,90,0.1262618338335193,0.10539571434355431,0.08648697556812392,0.09316271894645911,0.1430548022178293,0.21621021396598972
100360XUZ0B9,Q4,A,15.200000000000003,10,0.11136347833284718,0.09592157814031531,0.0638615136106841,0.07291366344589421,0.13837543608917532,0.1782408737864674
100360XUZ0B9,Q4,A,30.0,25,0.11560745660303984,0.10122808359021665,0.06392279300909522,0.07897982913238188,0.14153466818326715,0.18831402320053123
100360XUZ0B9,Q4,A,53.0,50,0.11691109693797355,0.10365245745621987,0.060326635006022616,0.07639645274134037,0.14453165967314718,0.19365136707185748
100360XUZ0B9,Q4,A,90.0,75,0.11691109693797355,0.10365245745621987,0.060326635006022616,0.07639645274134037,0.14453165967314718,0.19365136707185748
100360XUZ0B9,Q4,A,136.0,90,0.11608737154141437,0.10134038705948253,0.05857633655947753,0.07367811143102888,0.14329947037453572,0.19145656129087232
100360XUZ0B9,Q4,B,15.200000000000003,10,0.12279346235528409,0.10042822878024239,0.07487433663264123,0.08341888010337167,0.16481585682786937,0.2210302475611012
100360XUZ0B9,Q4,B,30.0,25,0.12766091129774107,0.10556143845607284,0.07981163300865866,0.08753648333425182,0.1694886612494962,0.23317641045656434
100360XUZ0B9,Q4,B,53.0,50,0.12929554949156033,0.10563803536742761,0.0816955673676529,0.08924903905050921,0.17179875817179324,0.23774529620908996
100360XUZ0B9,Q4,B,90.0,75,0.13147317432135724,0.10896800338912356,0.0838261976038307,0.0915570927030649,0.16807961542468303,0.24286951165122553
100360XUZ0B9,Q4,B,136.0,90,0.13228198034012112,0.1096763308032497,0.08438655617391645,0.09216394996879215,0.16909926590037966,0.2442096864866926
100418XUZ0AS,Q2,A,4.0,10,0.09798232032094828,0.0954336518880515,0.06820829385280947,0.07509147560613609,0.11592884914908615,0.13686636855246073
100418XUZ0AS,Q2,A,10.0,25,0.09771762474586357,0.09562559688513911,0.06834961825101389,0.0752459099515651,0.1193330633396191,0.13740627005383396
100418XUZ0AS,Q2,A,33.0,50,0.09743270888601838,0.09473743966172521,0.06769583340120391,0.07420381070524776,0.11825350612336145,0.13582938330994734
100418XUZ0AS,Q2,A,83.0,75,0.11016928096310058,0.10583202272175833,0.07340322014439987,0.08228271251450463,0.1343199045246705,0.15544807232073427
100418XUZ0AS,Q2,A,167.8,90,0.11330908445959545,0.10834100216299618,0.07571771687399557,0.08464008111807857,0.13826855909998434,0.1599424844226712
100418XUZ0AS,Q2,B,4.0,10,0.10748803320548124,0.08900162591602534,0.0702291031348214,0.07512158021513872,0.14538548477432084,0.17762536387649416
100418XUZ0AS,Q2,B,10.0,25,0.10748803320548124,0.08900162591602534,0.0702291031348214,0.07512158021513872,0.14538548477432084,0.17762536387649416
100418XUZ0AS,Q2,B,33.0,50,0.10748803320548124,0.08900162591602534,0.0702291031348214,0.07512158021513872,0.14538548477432084,0.17762536387649416
100418XUZ0AS,Q2,B,83.0,75,0.11199171161028998,0.09332571199892051,0.07371493851107468,0.07890169426919336,0.14534372470238568,0.1728942441115428
100418XUZ0AS,Q2,B,167.8,90,0.1235887867333107,0.11000983466379784,0.07841188974772602,0.0859746655887254,0.16078954298976073,0.18317918098935906
100418XUZ0AS,Q4,A,4.0,10,0.08815899924388575,0.07887821892838019,0.047061501610572466,0.05489773288332411,0.11341544166666606,0.1462297457784374
100418XUZ0AS,Q4,A,10.0,25,0.09183857396634763,0.08204830382440978,0.050018273873945245,0.05860995308757525,0.11888830269998334,0.15425668599811765
100418XUZ0AS,Q4,A,33.0,50,0.09655393494216001,0.08682687027545699,0.05249411566102478,0.0625017924051487,0.12434935118182007,0.15588653136431418
100418XUZ0AS,Q4,A,83.0,75,0.09848696665011213,0.08922938384987869,0.054110586401566615,0.06382212359068225,0.1283920846882644,0.16091722345330933
100418XUZ0AS,Q4,A,167.8,90,0.09817299158883801,0.09010266398590337,0.05253055634411472,0.06197709717449094,0.12746651299429365,0.16218442835785984
100418XUZ0AS,Q4,B,4.0,10,0.10098150284815868,0.07713250280845789,0.053427843825839955,0.0629786878401652,0.14486406678558786,0.17798139307416064
100418XUZ0AS,Q4,B,10.0,25,0.10098150284815868,0.07713250280845789,0.053427843825839955,0.0629786878401652,0.14486406678558786,0.17798139307416064
100418XUZ0AS,Q4,B,33.0,50,0.10685956199295357,0.08532859562692283,0.05666049599877647,0.06978452432837692,0.1424507508147614,0.18229673875297922
100418XUZ0AS,Q4,B,83.0,75,0.11003432262433925,0.08796380103811335,0.05943799029455312,0.07197745775740744,0.1465195163452654,0.17899306208349497
100418XUZ0AS,Q4,B,167.8,90,0.11073018107981156,0.08854916283278662,0.059845980845223336,0.07246488971465737,0.14743155211242567,0.18006453265994285
100425XUZ02X,Q2,A,74.4,10,0.10913661066171614,0.10601171825021095,0.07313842763460232,0.08233889687827937,0.13443055701349335,0.15868321929923637
100425XUZ02X,Q2,A,167.0,25,0.10913661066171614,0.10601171825021095,0.07313842763460232,0.08233889687827937,0.13443055701349335,0.15868321929923637
100425XUZ02X,Q2,A,351.0,50,0.10878143365410219,0.1060315592576285,0.07296099647679746,0.08156301518472675,0.1335697236102035,0.15996205476509365
100425XUZ02X,Q2,A,958.5,75,0.1195275363918618,0.11588956479097243,0.07903295882864163,0.08867558766881489,0.14611649505443425,0.17385348613662968
100425XUZ02X,Q2,A,2010.4,90,0.12138025879858069,0.1175414272931535,0.08016494949546299,0.09008294833383843,0.14758541977125014,0.1773213560811162
100425XUZ02X,Q2,B,74.4,10,0.10850682652507634,0.09092368277039786,0.06701205875062063,0.07865650700477185,0.14431581583654857,0.177707700546961
100425XUZ02X,Q2,B,167.0,25,0.10850682652507634,0.09092368277039786,0.06701205875062063,0.07865650700477185,0.14431581583654857,0.177707700546961
100425XUZ02X,Q2,B,351.0,50,0.10850682652507634,0.09092368277039786,0.06701205875062063,0.07865650700477185,0.14431581583654857,0.177707700546961
100425XUZ02X,Q2,B,958.5,75,0.11290201040201144,0.09552216414045474,0.07035029743808903,0.0825313239291182,0.1442743111439206,0.172049479925167
100425XUZ02X,Q2,B,2010.4,90,0.12438617012407638,0.10975860726380281,0.07679080892562304,0.08873716666087873,0.15962770825511816,0.1861457813223038
100425XUZ02X,Q4,A,74.4,10,0.1139578451325776,0.10401279448607448,0.06397788988958221,0.07582132403876661,0.14500729254233197,0.18621294817230521
100425XUZ02X,Q4,A,167.0,25,0.11349304100620194,0.10419343810508741,0.06267405426408128,0.0741090712667376,0.14746211889787458,0.18403732977649553
100425XUZ02X,Q4,A,351.0,50,0.11328221640399116,0.10447557189783471,0.05949997503092302,0.0745308688682769,0.14517530947335838,0.18670671627806887
100425XUZ02X,Q4,A,958.5,75,0.125894064014089,0.11621480282844618,0.06425104406689772,0.08521685747114566,0.1612856800078243,0.19837881388014617
100425XUZ02X,Q4,A,2010.4,90,0.1287553554259033,0.11896053436580231,0.06586054933902913,0.087302561343925,0.16489757776893138,0.20262065763206302
100425XUZ02X,Q4,B,74.4,10,0.11096555097027508,0.08908617568387123,0.05773756188742729,0.07289236935897046,0.15431863154235254,0.17637126800805752
100425XUZ02X,Q4,B,167.0,25,0.11166552222831778,0.08967827185747004,0.05813460203101884,0.07338550715916937,0.15527038228164125,0.1774304914455668
100425XUZ02X,Q4,B,351.0,50,0.11666615973603245,0.09296796184472347,0.06034387245810173,0.07612750787063559,0.16319890173054274,0.18624108660408709
100425XUZ02X,Q4,B,958.5,75,0.11782225231868294,0.09516321032800361,0.060053618759518985,0.07624727082963037,0.16384638685430503,0.19017700279460076
100425XUZ02X,Q4,B,2010.4,90,0.12050264472902641,0.09636757502712584,0.06084352288329814,0.07723267354310019,0.1657607517808445,0.19232824908232182
100426XUZ0AT,Q2,A,11.8,10,0.09967050440688598,0.09564171767564794,0.07092657926138395,0.07838498183706714,0.11584606296401823,0.1396185519830647
100426XUZ0AT,Q2,A,35.0,25,0.09614763935227676,0.09196672990011404,0.06860578220975393,0.0749457779704146,0.1135499799396611,0.13928769295030138
100426XUZ0AT,Q2,A,129.0,50,0.0958619846022538,0.09276717999898483,0.06794972578500592,0.0736880036415077,0.11451459321697834,0.13595009327211302
100426XUZ0AT,Q2,A,327.0,75,0.10611279854478944,0.10008705863264603,0.07217171512973772,0.0807127171617015,0.1265387456679771,0.15612217177911317
100426XUZ0AT,Q2,A,743.4000000000001,90,0.11131638415650903,0.10522713657306935,0.07599924269442496,0.08495173207854254,0.13232343880351594,0.16361676916578263
100426XUZ0AT,Q2,B,11.8,10,0.10615720832968616,0.08680390518007977,0.06755398707156991,0.07512158021513872,0.13897891402126106,0.17835535980276365
100426XUZ0AT,Q2,B,35.0,25,0.10615720832968616,0.08680390518007977,0.06755398707156991,0.07512158021513872,0.13897891402126106,0.17835535980276365
100426XUZ0AT,Q2,B,129.0,50,0.10615720832968616,0.08680390518007977,0.06755398707156991,0.07512158021513872,0.13897891402126106,0.17835535980276365
100426XUZ0AT,Q2,B,327.0,75,0.11057031571040067,0.09103188594989563,0.070917170164824,0.07882966579617812,0.1416161714292208,0.1728942441115428
100426XUZ0AT,Q2,B,743.4000000000001,90,0.12217547020664085,0.10713682470519414,0.0771074345933025,0.0859746655887254,0.1517692380541941,0.18441498241837315
100426XUZ0AT,Q4,A,11.8,10,0.09108262055763856,0.07864762722057986,0.052506264226752045,0.056185006145423974,0.11983507447814988,0.15444782874247362
100426XUZ0AT,Q4,A,35.0,25,0.09444837566783246,0.08547487171194693,0.05269421663750533,0.06178034908063144,0.11886839080172597,0.1569465131506297
100426XUZ0AT,Q4,A,129.0,50,0.09598052263496194,0.08555432932400797,0.05273078849740533,0.062210972698563585,0.12136494727163476,0.16336367212817637
100426XUZ0AT,Q4,A,327.0,75,0.09598534577818076,0.08171633825250599,0.05003339835932249,0.06540327023815817,0.1254447076784148,0.1680392266967586
100426XUZ0AT,Q4,A,743.4000000000001,90,0.10517271505151742,0.09133388560693256,0.05442890516572229,0.0705719462513252,0.13280530295924778,0.17603502616316385
100426XUZ0AT,Q4,B,11.8,10,0.10000185582771177,0.07617972104968398,0.05153847080994053,0.06325846253231447,0.13997753013096312,0.18105146925986373
100426XUZ0AT,Q4,B,35.0,25,0.10544394518132161,0.08391938422095682,0.05611187357444312,0.06978452432837692,0.14240400688946445,0.18464466364117152
100426XUZ0AT,Q4,B,129.0,50,0.10922500737018893,0.08709182777448245,0.059367831659691166,0.07246488971465737,0.1458498086614093,0.18346894072875952
100426XUZ0AT,Q4,B,327.0,75,0.10922500737018893,0.08709182777448245,0.059367831659691166,0.07246488971465737,0.1458498086614093,0.18346894072875952
100426XUZ0AT,Q4,B,743.4000000000001,90,0.11503593848259885,0.09243463754381809,0.06189667169909583,0.07580938362705462,0.15437220620135914,0.1965455986696743
100427XUZ0AT,Q2,A,2.0,10,0.10722399810628813,0.10355266630730393,0.07293093725897339,0.08369037459824971,0.1284083947341342,0.15232427474008903
100427XUZ0AT,Q2,A,5.0,25,0.10718150822609122,0.10344233730591836,0.07308127929957049,0.07866779575782232,0.1301203286861935,0.154446526799826
100427XUZ0AT,Q2,A,15.0,50,0.1069162720507392,0.10309313779224963,0.07238575119052784,0.08108460871189654,0.1310774940756141,0.1531045373970089
100427XUZ0AT,Q2,A,37.5,75,0.11591518491106463,0.10631193528976046,0.07680859287965817,0.08835094455879482,0.13976728186351217,0.16340429530603476
100427XUZ0AT,Q2,A,84.20000000000002,90,0.12152181326758218,0.11404565992488115,0.0808605996824646,0.09286076232808158,0.14661317986418948,0.17117744670812549
100427XUZ0AT,Q2,B,2.0,10,0.10622889952351336,0.08680390518007977,0.0702291031348214,0.07512158021513872,0.13897891402126106,0.17847890853009576
100427XUZ0AT,Q2,B,5.0,25,0.10622889952351336,0.08680390518007977,0.0702291031348214,0.07512158021513872,0.13897891402126106,0.17847890853009576
100427XUZ0AT,Q2,B,15.0,50,0.10622889952351336,0.08680390518007977,0.0702291031348214,0.07512158021513872,0.13897891402126106,0.17847890853009576
100427XUZ0AT,Q2,B,37.5,75,0.11058586949811948,0.09103188594989563,0.07371493851107468,0.07882966579617812,0.1409343637997939,0.1741302246629266
100427XUZ0AT,Q2,B,84.20000000000002,90,0.12248195129833683,0.10713682470519414,0.0787474338925996,0.08943794439944648,0.15899890661542998,0.189358188134429
100427XUZ0AT,Q4,A,2.0,10,0.10353980392641834,0.09566742708168971,0.05686069906003297,0.06508101118685938,0.13193059972721582,0.1660212949196585
100427XUZ0AT,Q4,A,5.0,25,0.10115005994886081,0.09272805325639397,0.05567539023372763,0.06402996924315624,0.12753406876971263,0.1632389639789364
100427XUZ0AT,Q4,A,15.0,50,0.10851847184652212,0.0969104276520264,0.06252604489158053,0.07152903780416757,0.1381059129728488,0.17329120387839225
100427XUZ0AT,Q4,A,37.5,75,0.11101822863868666,0.10044637653882574,0.06424700757656764,0.07329406778356197,0.13669460519461998,0.181261735650519
100427XUZ0AT,Q4,A,84.20000000000002,90,0.11319707489134156,0.10133720548794206,0.0650945109721475,0.07583255238731774,0.1402650199184633,0.18692996860270247
100427XUZ0AT,Q4,B,2.0,10,0.09731235922142063,0.07005858278326936,0.055982497669393554,0.059740666063419615,0.13484091619554606,0.17809722233455827
100427XUZ0AT,Q4,B,5.0,25,0.09991910318979405,0.07584742637555511,0.05445814305386413,0.0629786878401652,0.14213650590527632,0.1858122519266006
100427XUZ0AT,Q4,B,15.0,50,0.10217398497808068,0.07928063189164546,0.05450453209183603,0.06587091351156639,0.14169439656730642,0.18090094002801643
100427XUZ0AT,Q4,B,37.5,75,0.10571047074070153,0.08391938422095682,0.056762713779796185,0.06978452432837692,0.14242737885211293,0.18464466364117152
100427XUZ0AT,Q4,B,84.20000000000002,90,0.10891134172653304,0.0865151853707808,0.059495803942535015,0.07197745775740744,0.14573270531028415,0.18238166169079903
100483XUZ09C,Q2,A,43.1,10,0.10235000632429234,0.0893986483950382,0.07249481763454618,0.07787570799025233,0.10789139895263263,0.14339776731962017
100483XUZ09C,Q2,A,100.0,25,0.09896017435168011,0.08830334217688326,0.07179550693034638,0.07846321512511693,0.10867866149745765,0.1331139170795197
100483XUZ09C,Q2,A,448.5,50,0.09831079875468017,0.08703707195335815,0.07074758953283611,0.07732608424541045,0.10631606075791271,0.12790729417380955
100483XUZ09C,Q2,A,5000.0,75,0.10908775048061177,0.09414471327960629,0.07400061566570457,0.08400130947968458,0.11483253965025436,0.15190972664165875
100483XUZ09C,Q2,A,38724.400000000074,90,0.10908775048061177,0.09414471327960629,0.07400061566570457,0.08400130947968458,0.11483253965025436,0.15190972664165875
100483XUZ09C,Q2,B,43.1,10,0.10944082080550106,0.10019467841500142,0.08637629518239878,0.0935928114646965,0.13220485867139156,0.14072733558171296
100483XUZ09C,Q2,B,100.0,25,0.10944082080550106,0.10019467841500142,0.08637629518239878,0.0935928114646965,0.13220485867139156,0.14072733558171296
100483XUZ09C,Q2,B,448.5,50,0.10944082080550106,0.10019467841500142,0.08637629518239878,0.0935928114646965,0.13220485867139156,0.14072733558171296
100483XUZ09C,Q2,B,5000.0,75,0.1257714868378509,0.11966908358920225,0.09540386146344176,0.11034806064079197,0.14773597710605021,0.15262251104087468
100483XUZ09C,Q2,B,38724.400000000074,90,0.1257714868378509,0.11966908358920225,0.09540386146344176,0.11034806064079197,0.14773597710605021,0.15262251104087468
100483XUZ09C,Q4,A,43.1,10,0.09962880094772487,0.0881543615890223,0.06298544507273393,0.072511604619823,0.09438364529342866,0.1347618306154896
100483XUZ09C,Q4,A,100.0,25,0.09786776368095233,0.08673996641887285,0.06473369488913876,0.06971108982738336,0.09192602691881588,0.13036510040437166
100483XUZ09C,Q4,A,448.5,50,0.09685880033191076,0.08527339703467823,0.06142916210568332,0.06942422302042385,0.09635517123429072,0.13287703620592184
100483XUZ09C,Q4,A,5000.0,75,0.10555203709897121,0.08727919145430295,0.06371332867063431,0.07445680345625631,0.10934572969352788,0.16067218425102736
100483XUZ09C,Q4,A,38724.400000000074,90,0.12922101263241986,0.11211086756726149,0.07772276756553138,0.08293321796399443,0.13737664665766647,0.2201237638977882
100483XUZ09C,Q4,B,43.1,10,0.11498142020904356,0.10622756992752784,0.07692378891726692,0.09059704252175653,0.14850119803919376,0.16558022958694418
100483XUZ09C,Q4,B,100.0,25,0.11677468667786718,0.10953410331093082,0.08358489499480513,0.09637848859517789,0.1434248703860126,0.15718430958915094
100483XUZ09C,Q4,B,448.5,50,0.11690343623426525,0.11026282681121559,0.08597872235183485,0.10140556360832871,0.13624320278683724,0.15363095209445754
100483XUZ09C,Q4,B,5000.0,75,0.11929018586037897,0.1105774916999894,0.08936082000186517,0.10356051735171717,0.13759003703866202,0.1592034329782154
100483XUZ09C,Q4,B,38724.400000000074,90,0.13193424747555932,0.1215379649194746,0.09763890130147265,0.11475072033437639,0.14880885187271736,0.1752209701656862
100912XUZ0AG,Q2,A,496.0,10,0.10561825561523996,0.10167132105220875,0.0734728802985247,0.08257734755895071,0.12475638884211455,0.15314041256042446
100912XUZ0AG,Q2,A,732.0,25,0.10561825561523996,0.10167132105220875,0.0734728802985247,0.08257734755895071,0.12475638884211455,0.15314041256042446
100912XUZ0AG,Q2,A,1209.0,50,0.1056527634531966,0.10073326642843881,0.0723850748687474,0.0820717815171227,0.1258026907713781,0.15372131017877827
100912XUZ0AG,Q2,A,2000.0,75,0.10984851086317311,0.1029906519630279,0.07378528273093381,0.08474958510948302,0.13341681987495851,0.1619522286074737
100912XUZ0AG,Q2,A,2688.0,90,0.11560216375828407,0.10593099456546501,0.07652431726152516,0.08773312571509363,0.1396717660440332,0.17247825755621946
100912XUZ0AG,Q2,B,496.0,10,0.10545622901765335,0.09006234204179642,0.07066944091284577,0.07638183454715353,0.12203673712962981,0.17411473060657293
100912XUZ0AG,Q2,B,732.0,25,0.10545622901765335,0.09006234204179642,0.07066944091284577,0.07638183454715353,0.12203673712962981,0.17411473060657293
100912XUZ0AG,Q2,B,1209.0,50,0.10545622901765335,0.09006234204179642,0.07066944091284577,0.07638183454715353,0.12203673712962981,0.17411473060657293
100912XUZ0AG,Q2,B,2000.0,75,0.10567681994693975,0.09025708151646675,0.07082551147933605,0.0765494815480329,0.12229132227144678,0.17445636430690145
100912XUZ0AG,Q2,B,2688.0,90,0.10990934790762094,0.09443262037522542,0.07432731362842845,0.08014673700669579,0.12709245026000032,0.17308075267974854
100912XUZ0AG,Q4,A,496.0,10,0.11816180056113228,0.10466315322651905,0.05573665649662362,0.06835094462342672,0.154455403925285,0.21121037328385842
100912XUZ0AG,Q4,A,732.0,25,0.12817426363422493,0.11328097355144363,0.059381585899617804,0.07275723088034274,0.1732398321764456,0.23521171704507862
100912XUZ0AG,Q4,A,1209.0,50,0.1305953787311314,0.11390241077026131,0.059098416770011875,0.07241518866959389,0.17588389442612615,0.24648714532018998
100912XUZ0AG,Q4,A,2000.0,75,0.13350829474973086,0.11660071744165547,0.0605872075312923,0.07421299165516944,0.17975265856411385,0.25143509276745674
100912XUZ0AG,Q4,A,2688.0,90,0.13534660302987295,0.11775644806540703,0.060177003030151416,0.07296010192163113,0.179971515146457,0.2556953432212289
100912XUZ0AG,Q4,B,496.0,10,0.1131881063891039,0.09018839988717017,0.06478610912096103,0.0770210933937161,0.1444879686579604,0.18928618304582936
100912XUZ0AG,Q4,B,732.0,25,0.11334628441343932,0.09232469595399842,0.06252728163403348,0.07709159624479872,0.13395991235700772,0.19327114928745034
100912XUZ0AG,Q4,B,1209.0,50,0.11334628441343932,0.09232469595399842,0.06252728163403348,0.07709159624479872,0.13395991235700772,0.19327114928745034
100912XUZ0AG,Q4,B,2000.0,75,0.11567729866500419,0.09349684933877846,0.06531997575816087,0.07808698842523931,0.1355817076863236,0.19871868130608084
100912XUZ0AG,Q4,B,2688.0,90,0.11567729866500419,0.09349684933877846,0.06531997575816087,0.07808698842523931,0.1355817076863236,0.19871868130608084
101075XUZ0DF,Q2,A,1.0,10,0.09738311479625582,0.09505393503818303,0.06659336440845602,0.07840618026343447,0.11574007845082634,0.13584146730367955
101075XUZ0DF,Q2,A,2.0,25,0.09770172170814113,0.09366179218396327,0.06710493164883818,0.07269144358118163,0.1177713698665064,0.13959950222767056
101075XUZ0DF,Q2,A,7.0,50,0.09770172170814113,0.09366179218396327,0.06710493164883818,0.07269144358118163,0.1177713698665064,0.13959950222767056
101075XUZ0DF,Q2,A,24.0,75,0.11295763030586332,0.10762917128857402,0.07594104128202356,0.08584111026838454,0.13525050979483746,0.1617427025299839
101075XUZ0DF,Q2,A,40.20000000000002,90,0.11468352664884625,0.1093793627380508,0.07712680045350735,0.08693584278593244,0.13738071225745277,0.16440876398798515
101075XUZ0DF,Q2,B,1.0,10,0.10667071965812806,0.08680390518007977,0.07154534380065054,0.07512158021513872,0.14538548477432084,0.17786869585191734
101075XUZ0DF,Q2,B,2.0,25,0.10667071965812806,0.08680390518007977,0.07154534380065054,0.07512158021513872,0.14538548477432084,0.17786869585191734
101075XUZ0DF,Q2,B,7.0,50,0.10667071965812806,0.08680390518007977,0.07154534380065054,0.07512158021513872,0.14538548477432084,0.17786869585191734
101075XUZ0DF,Q2,B,24.0,75,0.11119179216188611,0.09103188594989563,0.07528138046811102,0.07882966579617812,0.14025255617036703,0.18445840081790674
101075XUZ0DF,Q2,B,40.20000000000002,90,0.12257666254994751,0.10713682470519414,0.08369506875946174,0.0859746655887254,0.14802529400980616,0.19282662191923186
101075XUZ0DF,Q4,A,1.0,10,0.0866958707110819,0.08015054008909352,0.048459966238756744,0.052211379553508595,0.11027397822392698,0.13755476765785637
101075XUZ0DF,Q4,A,2.0,25,0.08938966614396385,0.08031093168231918,0.05048930277023132,0.05537308568874432,0.11631251834357575,0.14720089807523795
101075XUZ0DF,Q4,A,7.0,50,0.09464110467619022,0.08487297039784421,0.05359324478334177,0.0606740397113086,0.12283280988453547,0.15599750243111812
101075XUZ0DF,Q4,A,24.0,75,0.09973021803455981,0.08760817006946356,0.05934350814531578,0.06157236693263141,0.12189769175485596,0.15956872041296782
101075XUZ0DF,Q4,A,40.20000000000002,90,0.1012515359907018,0.09166951582090536,0.05941552904806909,0.06425692589647683,0.12273184346702554,0.16589688817274148
101075XUZ0DF,Q4,B,1.0,10,0.09787103964246811,0.06946539983422627,0.055254212843373375,0.05987516461104998,0.14021456435916616,0.1738982929306437
101075XUZ0DF,Q4,B,2.0,25,0.09671701902234679,0.07005858278326936,0.057003100183752466,0.05982582456771755,0.13447996529209566,0.17710071954710854
101075XUZ0DF,Q4,B,7.0,50,0.09969146917609997,0.07616808237654454,0.05527712995479356,0.0629786878401652,0.1394089450249648,0.17831618507987587
101075XUZ0DF,Q4,B,24.0,75,0.10557940735399308,0.0838616426820374,0.058627374229316985,0.0694401557147657,0.13650299555182985,0.1829680410403744
101075XUZ0DF,Q4,B,40.20000000000002,90,0.10606920997399966,0.0842710537916017,0.0589214898715112,0.06978452432837692,0.13713093302057264,0.1837642048255199
101076XUZ0DG,Q2,A,2.0,10,0.1096934078808037,0.104760600177969,0.07509533999189939,0.08519095613852898,0.12821397159909456,0.16128837965657378
101076XUZ0DG,Q2,A,10.0,25,0.10503411440971279,0.1002090792116201,0.07308127929957049,0.07762293210004159,0.12362941068130176,0.15397435380809169
101076XUZ0DG,Q2,A,37.5,50,0.10498213813231261,0.10109762906684937,0.07238575119052784,0.08108460871189654,0.12261633733994524,0.151685175709779
101076XUZ0DG,Q2,A,180.0,75,0.12070446202204589,0.11173200673489776,0.0808605996824646,0.09186139835676525,0.14505942374397282,0.1797441659768103
101076XUZ0DG,Q2,A,300.0,90,0.12070446202204589,0.11173200673489776,0.0808605996824646,0.09186139835676525,0.14505942374397282,0.1797441659768103
101076XUZ0DG,Q2,B,2.0,10,0.1073705624251761,0.08779410101397267,0.07066944091284577,0.07512158021513872,0.1428862978603937,0.18366235104165746
101076XUZ0DG,Q2,B,10.0,25,0.1073705624251761,0.08779410101397267,0.07066944091284577,0.07512158021513872,0.1428862978603937,0.18366235104165746
101076XUZ0DG,Q2,B,37.5,50,0.1073705624251761,0.08779410101397267,0.07066944091284577,0.07512158021513872,0.1428862978603937,0.18366235104165746
101076XUZ0DG,Q2,B,180.0,75,0.12383473784190598,0.10713682470519414,0.08371707066084937,0.08943794439944648,0.1475808046157848,0.21215805227286427
101076XUZ0DG,Q2,B,300.0,90,0.12436690103728829,0.10770791215064973,0.08417508942985891,0.08992419055409737,0.14800206232490642,0.21262780193891587
101076XUZ0DG,Q4,A,2.0,10,0.10422885778392646,0.09760730284149782,0.05670559721071806,0.06322370663029897,0.13524892424942722,0.16804359957401138
101076XUZ0DG,Q4,A,10.0,25,0.10603309900691399,0.09542682270300458,0.06085871127421945,0.06621991845524836,0.13509216093558934,0.17467236478459178
101076XUZ0DG,Q4,A,37.5,50,0.11179135063573867,0.10093791688254433,0.06407312648987368,0.07180147672930152,0.13349338228732946,0.1878263954447842
101076XUZ0DG,Q4,A,180.0,75,0.11336589501937529,0.09985327029392636,0.05924713152631438,0.07372651891058588,0.14034894598132597,0.19121426006702708
101076XUZ0DG,Q4,A,300.0,90,0.11503041019534317,0.09881594116195988,0.05623632912940444,0.07035487718516611,0.1495569099133784,0.2017605825663571
101076XUZ0DG,Q4,B,2.0,10,0.09784956157382436,0.07005858278326936,0.05761779039816044,0.05982582456771755,0.13447996529209566,0.1835082495981084
101076XUZ0DG,Q4,B,10.0,25,0.10095721501505357,0.07616808237654454,0.05554530952677294,0.0629786878401652,0.1394089450249648,0.19039298344162248
101076XUZ0DG,Q4,B,37.5,50,0.10708768493035736,0.0842710537916017,0.0616006619810533,0.06978452432837692,0.13650082282249404,0.20162803963811388
101076XUZ0DG,Q4,B,180.0,75,0.11094085332660221,0.08745552250319046,0.06398831475816955,0.07246488971465737,0.14097470818414815,0.211303663696617
101076XUZ0DG,Q4,B,300.0,90,0.11094085332660221,0.08745552250319046,0.06398831475816955,0.07246488971465737,0.14097470818414815,0.211303663696617
101078XUZ0DH,Q2,A,3.0,10,0.10727288525699069,0.10460752729215883,0.07537961511001813,0.08191488336724896,0.12913140518644556,0.14977159540529725
101078XUZ0DH,Q2,A,6.0,25,0.10671093181835829,0.10357002003415361,0.07474075273715214,0.08272174147913464,0.12970135938668545,0.1494143326699746
101078XUZ0DH,Q2,A,20.0,50,0.10639415463529393,0.10284045108723666,0.07403069250008805,0.08194257429997766,0.12909359489826888,0.14810840920700968
101078XUZ0DH,Q2,A,60.0,75,0.11873514670988193,0.11230084572900392,0.07910517930776922,0.08899243447900024,0.142932238756261,0.17066057830952966
101078XUZ0DH,Q2,A,103.70000000000002,90,0.12215762550003509,0.11592386432554319,0.08158363616177809,0.0913755039698492,0.1457130286561315,0.17810383909137745
101078XUZ0DH,Q2,B,3.0,10,0.112849553770368,0.09690771956484959,0.07510986272868914,0.08288583536513433,0.14297297842599332,0.1753905823467234
101078XUZ0DH,Q2,B,6.0,25,0.112849553770368,0.09690771956484959,0.07510986272868914,0.08288583536513433,0.14297297842599332,0.1753905823467234
101078XUZ0DH,Q2,B,20.0,50,0.112849553770368,0.09690771956484959,0.07510986272868914,0.08288583536513433,0.14297297842599332,0.1753905823467234
101078XUZ0DH,Q2,B,60.0,75,0.1169791848946955,0.10135089571839737,0.07854461066177103,0.08657293081497622,0.14880669898874016,0.17935453361917927
101078XUZ0DH,Q2,B,103.70000000000002,90,0.1287868838288968,0.11634427464475122,0.08758124102516592,0.09447234261839377,0.16282707483351183,0.19181517832924017
101078XUZ0DH,Q4,A,3.0,10,0.10572201486749262,0.10054050062558881,0.0580541213638824,0.06937525759924107,0.13470732030348975,0.16821796594627753
101078XUZ0DH,Q4,A,6.0,25,0.10952589647520557,0.0991126194228003,0.06153155651488876,0.07174836045217295,0.13964104518350606,0.17152252522342085
101078XUZ0DH,Q4,A,20.0,50,0.11465220083769335,0.10780908263992497,0.06494063951631848,0.079243573719875,0.1453923587579395,0.17369135546866446
101078XUZ0DH,Q4,A,60.0,75,0.1206376286960244,0.11261418127212859,0.07008980352887909,0.08190775830892409,0.1501818486482958,0.19189016696796346
101078XUZ0DH,Q4,A,103.70000000000002,90,0.1206376286960244,0.11261418127212859,0.07008980352887909,0.08190775830892409,0.1501818486482958,0.19189016696796346
101078XUZ0DH,Q4,B,3.0,10,0.114537469063383,0.09422109831955647,0.06704850153726637,0.0730695514776381,0.15600527527716565,0.1898794111391176
101078XUZ0DH,Q4,B,6.0,25,0.11417742443989072,0.09316223241495908,0.06548554352501898,0.07649341555371222,0.15384387272252154,0.1868586029622126
101078XUZ0DH,Q4,B,20.0,50,0.1198896136462011,0.09877260908124952,0.07145692242693762,0.08400475417445122,0.15869723808942005,0.18843006500103762
101078XUZ0DH,Q4,B,60.0,75,0.12361159303005223,0.10069785932851019,0.07254094314724473,0.08609081699291798,0.16311027788882435,0.19445728503508614
101078XUZ0DH,Q4,B,103.70000000000002,90,0.1258426113894553,0.10326834348204789,0.07445216556063786,0.08832511723209518,0.16682027188299237,0.19455024119474962
101079XUZ0DI,Q2,A,4.0,10,0.10961210876485893,0.1078055718528116,0.07416100482712819,0.08233561474169614,0.13246249807794722,0.15822832295302114
101079XUZ0DI,Q2,A,7.0,25,0.10903114219744901,0.10505374652030623,0.07308127929957049,0.08114730478447743,0.13304490874252448,0.15581988868458757
101079XUZ0DI,Q2,A,21.0,50,0.10872715691092771,0.10506465780952783,0.07238575119052784,0.08108460871189654,0.13245428529928518,0.15459159096880798
101079XUZ0DI,Q2,A,50.0,75,0.11475432263563774,0.11117747772323774,0.07485504558362942,0.08590281786004278,0.14049273535277734,0.15943888098265624
101079XUZ0DI,Q2,A,130.59999999999997,90,0.12329672681344507,0.12098375949081855,0.0808605996824646,0.09264084306048746,0.15042480492055071,0.17467720268746592
101079XUZ0DI,Q2,B,4.0,10,0.10889997341070089,0.09163999145163366,0.0702291031348214,0.07762533121767119,0.14538548477432084,0.1778686958519173
101079XUZ0DI,Q2,B,7.0,25,0.10889997341070089,0.09163999145163366,0.0702291031348214,0.07762533121767119,0.14538548477432084,0.1778686958519173
101079XUZ0DI,Q2,B,21.0,50,0.10889997341070089,0.09163999145163366,0.0702291031348214,0.07762533121767119,0.14538548477432084,0.1778686958519173
101079XUZ0DI,Q2,B,50.0,75,0.1134515448231203,0.09627086378713536,0.07395988855801619,0.08144603520965023,0.14534372470238568,0.1728942441115428
101079XUZ0DI,Q2,B,130.59999999999997,90,0.12526917492665215,0.11000983466379784,0.08126432134941702,0.09021048684969618,0.16078954298976073,0.18317918098935906
101079XUZ0DI,Q4,A,4.0,10,0.10573885920671787,0.09516845364059012,0.05729977127014896,0.06451934415874969,0.13437418065765117,0.168865496343724
101079XUZ0DI,Q4,A,7.0,25,0.10954161205638276,0.09894351340652945,0.05981322360137813,0.06732933465396139,0.13989925691579713,0.175949296121998
101079XUZ0DI,Q4,A,21.0,50,0.11442352469421078,0.10405694353537166,0.06485257993650582,0.07425774055904796,0.14659984141120316,0.17924972989310708
101079XUZ0DI,Q4,A,50.0,75,0.1165613605838812,0.10666643607705678,0.06441930486708426,0.07619107850792031,0.14573875733818653,0.1887063848669563
101079XUZ0DI,Q4,A,130.59999999999997,90,0.11780627967771855,0.10922183932674796,0.06411706123579544,0.07387174134925688,0.1533783749459134,0.18983531247308608
101079XUZ0DI,Q4,B,4.0,10,0.10239802732296129,0.08171607421415637,0.05479850431199467,0.06313162636096105,0.14509674045334017,0.17831618507987584
101079XUZ0DI,Q4,B,7.0,25,0.10239802732296129,0.08171607421415637,0.05479850431199467,0.06313162636096105,0.14509674045334017,0.17831618507987584
101079XUZ0DI,Q4,B,21.0,50,0.10785876804822365,0.08692130305833257,0.05684961202250272,0.0694401557147657,0.1423249804658325,0.18228550810819855
101079XUZ0DI,Q4,B,50.0,75,0.1096702058357982,0.08672477137462228,0.0585181218015585,0.07086101456371251,0.14436440980468065,0.1849666537751943
101079XUZ0DI,Q4,B,130.59999999999997,90,0.11227045666964959,0.08956534635266704,0.06049601718955698,0.07345056330458309,0.14799542961058904,0.18119933534954835
101080XUZ0DJ,Q2,A,1.0,10,0.10413320497133598,0.09793166400023189,0.07381676243860018,0.07781359468978931,0.1204037635300556,0.14938334117671312
101080XUZ0DJ,Q2,A,2.0,25,0.10370488370212257,0.09837946669621488,0.07274165503120907,0.07762293210004159,0.11873712411748172,0.1500272729135718
101080XUZ0DJ,Q2,A,5.0,50,0.10362731646127515,0.10109762906684937,0.07169155941868052,0.08108460871189654,0.12248463032237442,0.1464904517435569
101080XUZ0DJ,Q2,A,17.0,75,0.11677507569264076,0.10994881770227548,0.07722493786246826,0.09010707604508668,0.13489647012371953,0.1666761296844776
101080XUZ0DJ,Q2,A,22.799999999999997,90,0.11677507569264076,0.10994881770227548,0.07722493786246826,0.09010707604508668,0.13489647012371953,0.1666761296844776
101080XUZ0DJ,Q2,B,1.0,10,0.10557989256804153,0.08680390518007977,0.0702291031348214,0.07512158021513872,0.1353887371186122,0.17811202782734048
101080XUZ0DJ,Q2,B,2.0,25,0.10557989256804153,0.08680390518007977,0.0702291031348214,0.07512158021513872,0.1353887371186122,0.17811202782734048
101080XUZ0DJ,Q2,B,5.0,50,0.10557989256804153,0.08680390518007977,0.0702291031348214,0.07512158021513872,0.1353887371186122,0.17811202782734048
101080XUZ0DJ,Q2,B,17.0,75,0.11004963671255076,0.09103188594989563,0.07371493851107468,0.07882966579617812,0.14025255617036703,0.18625315213438845
101080XUZ0DJ,Q2,B,22.799999999999997,90,0.12176844288920416,0.10762273111201065,0.08000298542639657,0.0859746655887254,0.1462473364337207,0.19398276651416607
101080XUZ0DJ,Q4,A,1.0,10,0.09994521458621412,0.08518327710994267,0.055728909010347646,0.06214214744215864,0.12950975783178217,0.16117218917260764
101080XUZ0DJ,Q4,A,2.0,25,0.0998170145630656,0.08685822786184223,0.05686069906003297,0.06339543870912763,0.13193059972721582,0.16407332309973224
101080XUZ0DJ,Q4,A,5.0,50,0.09753455408652295,0.0875482480861753,0.05567539023372763,0.06258862895110102,0.12670666756081547,0.16203199383143246
101080XUZ0DJ,Q4,A,17.0,75,0.10503075661936859,0.09122248662061277,0.06264586707697081,0.06695086501011663,0.1307509267630279,0.17317755190786668
101080XUZ0DJ,Q4,A,22.799999999999997,90,0.10636275384876251,0.09278854719239406,0.06409668742363375,0.06656682008508555,0.12956178008664126,0.17198816441140036
101080XUZ0DJ,Q4,B,1.0,10,0.09701007782951172,0.06946539983422627,0.05487373810390951,0.059480023937232875,0.13359518004083842,0.17416158449780292
101080XUZ0DJ,Q4,B,2.0,25,0.0959915726974482,0.07005858278326936,0.0566113118546709,0.05965550755912168,0.13447996529209566,0.17735632501490164
101080XUZ0DJ,Q4,B,5.0,50,0.09869772400090918,0.07584742637555511,0.054698557891501576,0.0629786878401652,0.1394089450249648,0.1841121633538265
101080XUZ0DJ,Q4,B,17.0,75,0.10107852085146941,0.07928063189164546,0.054743486301797824,0.06587091351156639,0.13573887857888067,0.17977173289958387
101080XUZ0DJ,Q4,B,22.799999999999997,90,0.10452610977197467,0.08351152580530292,0.05663427433065137,0.0694401557147657,0.13650299555182985,0.18498306675802456
101081XUZ0AU,Q2,A,2.0,10,0.10864195792961798,0.10389822372207554,0.07445685420808716,0.0847110218841757,0.13057202167067708,0.15359439633338082
101081XUZ0AU,Q2,A,5.0,25,0.1068264279682416,0.1026515434835176,0.07308127929957049,0.08139097262056834,0.1301203286861935,0.15443514430105768
101081XUZ0AU,Q2,A,20.0,50,0.1066051386714125,0.10287845577365314,0.07238575119052784,0.08115044583886313,0.1309501151720539,0.1529916503573909
101081XUZ0AU,Q2,A,50.0,75,0.11579186836673377,0.10722780508429956,0.07680859287965817,0.08822227139687544,0.13856138034134918,0.16263546232240939
101081XUZ0AU,Q2,A,102.0,90,0.12138252520738171,0.11404565992488115,0.0808605996824646,0.09281586556375343,0.1453581931366214,0.17037960890228876
101081XUZ0AU,Q2,B,2.0,10,0.10723082448991349,0.0873993804990803,0.0702291031348214,0.07512158021513872,0.14538548477432084,0.17835535980276365
101081XUZ0AU,Q2,B,5.0,25,0.10723082448991349,0.0873993804990803,0.0702291031348214,0.07512158021513872,0.14538548477432084,0.17835535980276365
101081XUZ0AU,Q2,B,20.0,50,0.10723082448991349,0.0873993804990803,0.0702291031348214,0.07512158021513872,0.14538548477432084,0.17835535980276365
101081XUZ0AU,Q2,B,50.0,75,0.11164617958428108,0.09183761715639634,0.07371493851107468,0.07882966579617812,0.14441183638409447,0.1728942441115428
101081XUZ0AU,Q2,B,102.0,90,0.12351875672185707,0.11000983466379784,0.07740525731310528,0.08943794439944648,0.15989422480259535,0.18874028741992205
101081XUZ0AU,Q4,A,2.0,10,0.10483116620665403,0.0962983202236957,0.05670559721071806,0.064701630823753,0.13524892424942722,0.16804359957401138
101081XUZ0AU,Q4,A,5.0,25,0.10233036690382377,0.09233521094484283,0.05729977127014896,0.06330570308959624,0.1299132634112332,0.16815529972753723
101081XUZ0AU,Q4,A,20.0,50,0.11080276892785174,0.10125904936783979,0.0654165679148757,0.07238804433834144,0.13962302573392976,0.17790288184791367
101081XUZ0AU,Q4,A,50.0,75,0.11278257175927443,0.10242523416175013,0.06441930486708426,0.07398204132061015,0.1403882163093333,0.18608644659255072
101081XUZ0AU,Q4,A,102.0,90,0.11439623564204476,0.10466877444486994,0.06542563709489022,0.07562984988481912,0.14429223075194847,0.1909789332312638
101081XUZ0AU,Q4,B,2.0,10,0.09793605703992678,0.07083673645842156,0.053738264882420436,0.05982582456771755,0.13447996529209566,0.17735632501490164
101081XUZ0AU,Q4,B,5.0,25,0.10050648192588854,0.07616808237654454,0.05347468638178463,0.0629786878401652,0.1435002863454321,0.1851296036430712
101081XUZ0AU,Q4,B,20.0,50,0.10583724481238126,0.0838616426820374,0.0560717559311826,0.0694401557147657,0.14137317365856344,0.1838455118710649
101081XUZ0AU,Q4,B,50.0,75,0.10761757286493666,0.08467563750442607,0.05771883312519213,0.07012488447124085,0.14265846783370684,0.18727285533719248
101081XUZ0AU,Q4,B,102.0,90,0.10947272697368465,0.08687670120763204,0.05926454935060743,0.07197745775740744,0.1446041729104336,0.18238166169079903
101083XUZ02X,Q2,A,12.0,10,0.09697304581827243,0.09488782270890844,0.06512810866631155,0.07269096201648624,0.1170975452588676,0.14530693934134342
101083XUZ02X,Q2,A,24.25,25,0.09697304581827243,0.09488782270890844,0.06512810866631155,0.07269096201648624,0.1170975452588676,0.14530693934134342
101083XUZ02X,Q2,A,47.0,50,0.09662351111789286,0.0940058055577904,0.06403955375554854,0.07235116544087111,0.1159464846786079,0.14399889882607486
101083XUZ02X,Q2,A,125.75,75,0.10887460800594025,0.1051997781907701,0.06994798828818914,0.07936872243529429,0.13303590677462093,0.1617548425435802
101083XUZ02X,Q2,A,253.0,90,0.11057937758901519,0.10657337039246446,0.07065093170659865,0.080700921185137,0.13513667254473524,0.1642230184615741
101083XUZ02X,Q2,B,12.0,10,0.10837263555349862,0.09092368277039786,0.06701205875062063,0.07824374687161954,0.14431581583654857,0.17740054151415144
101083XUZ02X,Q2,B,24.25,25,0.10837263555349862,0.09092368277039786,0.06701205875062063,0.07824374687161954,0.14431581583654857,0.17740054151415144
101083XUZ02X,Q2,B,47.0,50,0.10837263555349862,0.09092368277039786,0.06701205875062063,0.07824374687161954,0.14431581583654857,0.17740054151415144
101083XUZ02X,Q2,B,125.75,75,0.11283714921480352,0.09552216414045474,0.07035029743808903,0.0820922669682575,0.1442743111439206,0.17166283457271087
101083XUZ02X,Q2,B,253.0,90,0.12439408891493796,0.10975860726380281,0.07679080892562304,0.08873716666087873,0.15962770825511816,0.18803617551558768
101083XUZ02X,Q4,A,12.0,10,0.09183664521661354,0.08060297644029085,0.04899491729839011,0.059406388894825905,0.12206872981191019,0.14808654679417524
101083XUZ02X,Q4,A,24.25,25,0.09444180289654557,0.08373884086804205,0.052046740390134516,0.06516805972806546,0.12108635572740474,0.154189341581437
101083XUZ02X,Q4,A,47.0,50,0.09463709698683503,0.08459323754078799,0.05121630646555348,0.06433816757613318,0.12135367859928446,0.15486138109181943
101083XUZ02X,Q4,A,125.75,75,0.09627191871634037,0.08827946175438295,0.05152992932760713,0.06211846576791125,0.1239182294202143,0.15828831992953435
101083XUZ02X,Q4,A,253.0,90,0.09566647021330486,0.0888094132336525,0.04969303076117453,0.060873621146674134,0.12358820364437523,0.15968218099006537
101083XUZ02X,Q4,B,12.0,10,0.10279334479480594,0.08433789166263904,0.051428628440843185,0.06284428382874915,0.1448806327169797,0.1857482296233592
101083XUZ02X,Q4,B,24.25,25,0.10754071921873445,0.0878723467703313,0.055799568767474834,0.06901210618021418,0.1450599549894901,0.1828769442093098
101083XUZ02X,Q4,B,47.0,50,0.10889611854963042,0.08683445770823088,0.0562115405562187,0.07086821500200283,0.15069087258445976,0.1811369824746523
101083XUZ02X,Q4,B,125.75,75,0.11067600993519351,0.08908617568387123,0.05771936390147469,0.07273888939823654,0.15431863154235254,0.17637126800805752
101083XUZ02X,Q4,B,253.0,90,0.11137436485936117,0.08967827185747004,0.05811628662008925,0.0732310708216539,0.15527038228164125,0.1774304914455668
101154XUZ02X,Q2,A,3.0,10,0.10960827416393747,0.10616110048576388,0.07211348413408651,0.0814053609315613,0.13476773426566593,0.15868321929923637
101154XUZ02X,Q2,A,5.0,25,0.10960827416393747,0.10616110048576388,0.07211348413408651,0.0814053609315613,0.13476773426566593,0.15868321929923637
101154XUZ02X,Q2,A,10.0,50,0.10926497523548573,0.10679057457118435,0.07142645695477673,0.08063750291256411,0.1336033103083462,0.15996205476509365
101154XUZ02X,Q2,A,13.0,75,0.10926497523548573,0.10679057457118435,0.07142645695477673,0.08063750291256411,0.1336033103083462,0.15996205476509365
101154XUZ02X,Q2,A,22.0,90,0.11520782812312434,0.11230723619051199,0.07386563278669304,0.08453113432866963,0.14254200683959845,0.16685394113408739
101154XUZ02X,Q2,B,3.0,10,0.11050041231960002,0.09339121566957392,0.06701205875062063,0.0786602458120112,0.14769617322293865,0.177707700546961
101154XUZ02X,Q2,B,5.0,25,0.11050041231960002,0.09339121566957392,0.06701205875062063,0.0786602458120112,0.14769617322293865,0.177707700546961
101154XUZ02X,Q2,B,10.0,50,0.11050041231960002,0.09339121566957392,0.06701205875062063,0.0786602458120112,0.14769617322293865,0.177707700546961
101154XUZ02X,Q2,B,13.0,75,0.11050041231960002,0.09339121566957392,0.06701205875062063,0.0786602458120112,0.14769617322293865,0.177707700546961
101154XUZ02X,Q2,B,22.0,90,0.11503576832957961,0.09810102586928182,0.07035029743808903,0.0825313239291182,0.1543886173644936,0.18673293142669814
101154XUZ02X,Q4,A,3.0,10,0.10580698456388576,0.09721244118303503,0.055339153296377244,0.06375773230405896,0.1396387510321375,0.165225757220291
101154XUZ02X,Q4,A,5.0,25,0.10303450155371797,0.09492009487464032,0.05444061631590163,0.06219992196303742,0.13510898802066523,0.1646392276061593
101154XUZ02X,Q4,A,10.0,50,0.10741424370018088,0.09652941434494287,0.05783286613218408,0.0685379861684787,0.1408723192592417,0.16942234195508316
101154XUZ02X,Q4,A,13.0,75,0.10933524617914664,0.0985459918307632,0.06045333433667629,0.07100330467050726,0.14235168568905865,0.17307216799312874
101154XUZ02X,Q4,A,22.0,90,0.1108609460804087,0.10026941174274694,0.061975352799543686,0.07377937771043917,0.14347825343992712,0.17186458346099676
101154XUZ02X,Q4,B,3.0,10,0.10486859123217633,0.08734031670835998,0.054087948208768825,0.060791177183571576,0.14748915475370897,0.1908662492852496
101154XUZ02X,Q4,B,5.0,25,0.10457753236160981,0.08821678491278868,0.050858039814379405,0.06324071691372177,0.14445925022387185,0.19343304681049245
101154XUZ02X,Q4,B,10.0,50,0.10457753236160981,0.08821678491278868,0.050858039814379405,0.06324071691372177,0.14445925022387185,0.19343304681049245
101154XUZ02X,Q4,B,13.0,75,0.10669813327348449,0.08855398256753054,0.052527234384314045,0.0658755713246332,0.14653107010744407,0.18978288084726683
101154XUZ02X,Q4,B,22.0,90,0.10976713102574465,0.08999044303020116,0.05562692627549969,0.0697572449671896,0.14820629425737852,0.18808836484614794
101679AAA06Z,Q2,A,3408.2000000000003,10,0.10431022575545604,0.08308882472764421,0.06439825354856848,0.07155142303432892,0.10539060896417203,0.11519697423220294
101679AAA06Z,Q2,A,10652.5,25,0.10091870857412419,0.08092510189402108,0.06300749426805825,0.06955617218247317,0.09953306526410469,0.11083875242343222
101679AAA06Z,Q2,A,33837.5,50,0.10068620713203554,0.08351246413675267,0.06269221359162842,0.06950619428148053,0.0979859748634589,0.109400360407218
101679AAA06Z,Q2,A,67214.75,75,0.10160260326993498,0.08408119801069444,0.06321162199830621,0.06875161272091562,0.10070520102971336,0.11045747282638116
101679AAA06Z,Q2,A,183812.99999999997,90,0.10917902837012639,0.09136815413165159,0.0704067411513065,0.0745781458416856,0.10923723881882157,0.12045203390024765
101679AAA06Z,Q2,B,3408.2000000000003,10,0.10236673145325065,0.0797483579281538,0.06691296928179037,0.07496784749924264,0.10150777220569865,0.11429564761856818
101679AAA06Z,Q2,B,10652.5,25,0.10236673145325065,0.0797483579281538,0.06691296928179037,0.07496784749924264,0.10150777220569865,0.11429564761856818
101679AAA06Z,Q2,B,33837.5,50,0.10236673145325065,0.0797483579281538,0.06691296928179037,0.07496784749924264,0.10150777220569865,0.11429564761856818
101679AAA06Z,Q2,B,67214.75,75,0.105503313650435,0.08380793844272273,0.06845638811497884,0.07668179195114351,0.1037604205820847,0.11879262430139526
101679AAA06Z,Q2,B,183812.99999999997,90,0.11437367462809236,0.0895303977423082,0.07166199814676665,0.0847498530532357,0.11232534661300275,0.13524266193353804
101679AAA06Z,Q4,A,3408.2000000000003,10,0.0880534980625208,0.06525883455021687,0.04282333856836697,0.05302316456697406,0.09217641757255955,0.11321957087137281
101679AAA06Z,Q4,A,10652.5,25,0.09267460781063097,0.07116053329629027,0.04645790012801366,0.0584214702201374,0.09686263113662179,0.11748112384521857
101679AAA06Z,Q4,A,33837.5,50,0.09621090403175277,0.07402650057441265,0.05402927168700565,0.06264265158804708,0.09550141092537424,0.11672770202375399
101679AAA06Z,Q4,A,67214.75,75,0.09775235437188684,0.0753687401916275,0.05491544942302081,0.06401321725855658,0.09743172405235634,0.11885990236002544
101679AAA06Z,Q4,A,183812.99999999997,90,0.09771268992184662,0.07527699622180123,0.05448036839431703,0.062453365238605396,0.09852157717443295,0.12008135402469687
101679AAA06Z,Q4,B,3408.2000000000003,10,0.09086793638555375,0.06916739202368011,0.05279000726517631,0.05910891560716957,0.0857658860889419,0.10497850654194993
101679AAA06Z,Q4,B,10652.5,25,0.09129490742840814,0.06429242176544517,0.054813938610453486,0.06084316936906557,0.08940721304356208,0.10416191328150629
101679AAA06Z,Q4,B,33837.5,50,0.09523607355004815,0.06936547311662326,0.059574104317993835,0.06489047283052407,0.0881238765477002,0.11262760091013518
101679AAA06Z,Q4,B,67214.75,75,0.0963051742762008,0.07073234378244961,0.06101205209107114,0.06528281128821325,0.09018484968307584,0.11376293974303499
101679AAA06Z,Q4,B,183812.99999999997,90,0.09702836778628776,0.07143899575193409,0.06162803369273934,0.06593888266053868,0.09106679698830039,0.1143224710764854
101897XUZ02X,Q2,A,81.0,10,0.09717403092557712,0.09585464361008965,0.06489429255584248,0.07237464428404475,0.11716608990762226,0.14757502076191228
101897XUZ02X,Q2,A,189.25,25,0.09717403092557712,0.09585464361008965,0.06489429255584248,0.07237464428404475,0.11716608990762226,0.14757502076191228
101897XUZ02X,Q2,A,360.0,50,0.096733352346182,0.09494752853325011,0.06403955375554854,0.07228887637439978,0.11610355193541999,0.14631433455830078
101897XUZ02X,Q2,A,809.5,75,0.1043176662607384,0.10039014005420044,0.06690961504893095,0.07545421017719456,0.12683590166048936,0.1576245457812113
101897XUZ02X,Q2,A,1886.0,90,0.11070456680973,0.1069151976421359,0.07065093170659865,0.08036625936570127,0.134396363971811,0.16920206927220646
101897XUZ02X,Q2,B,81.0,10,0.10621616060459914,0.08710497124821558,0.06656545210815308,0.07452379550534481,0.13794877267408134,0.17740054151415144
101897XUZ02X,Q2,B,189.25,25,0.10621616060459914,0.08710497124821558,0.06656545210815308,0.07452379550534481,0.13794877267408134,0.17740054151415144
101897XUZ02X,Q2,B,360.0,50,0.10621616060459914,0.08710497124821558,0.06656545210815308,0.07452379550534481,0.13794877267408134,0.17740054151415144
101897XUZ02X,Q2,B,809.5,75,0.11064195011739472,0.09152976597903387,0.06995455257021918,0.07825849837992588,0.14236666340732276,0.17166283457271087
101897XUZ02X,Q2,B,1886.0,90,0.12258817041058859,0.10916719374476391,0.07541229028377486,0.08529848184465558,0.15962770825511816,0.18803617551558768
101897XUZ02X,Q4,A,81.0,10,0.09644129064966882,0.08605318099328119,0.05291953389593753,0.06256902367922662,0.12458121759738709,0.16152201237153152
101897XUZ02X,Q4,A,189.25,25,0.09594587979884962,0.08768320773816321,0.05142909335498995,0.06079108782509991,0.12337488285296289,0.15890546748147394
101897XUZ02X,Q4,A,360.0,50,0.09567205793734028,0.08605585784342787,0.04879486067433002,0.061879030528785094,0.12291820761200747,0.1610802696488451
101897XUZ02X,Q4,A,809.5,75,0.10460570038254662,0.09427250875889442,0.05208295552547817,0.06721334609490472,0.14020869621298274,0.16617081348629867
101897XUZ02X,Q4,A,1886.0,90,0.10783993489302801,0.0972952414787478,0.053833377386375454,0.06943502709766587,0.1444694779204021,0.17106359074818647
101897XUZ02X,Q4,B,81.0,10,0.10788918973827383,0.08812656715814315,0.05769661641903394,0.07140681035359235,0.14243394003399887,0.17637126800805752
101897XUZ02X,Q4,B,189.25,25,0.10857174178051647,0.08871290673635863,0.058093392356427256,0.07189067709189789,0.14332472555295697,0.1774304914455668
101897XUZ02X,Q4,B,360.0,50,0.11343204627317661,0.09197076262005209,0.06030119697874298,0.07493270460367275,0.1498414708693144,0.18624108660408709
101897XUZ02X,Q4,B,809.5,75,0.11451319526607485,0.0941449088809004,0.06001113543846078,0.07591019220367035,0.15315244963203165,0.19017700279460076
101897XUZ02X,Q4,B,1886.0,90,0.11691106476094755,0.09533774437211848,0.06080051691440411,0.07689160120158699,0.1549647677316079,0.19232824908232182
102762AAA07L,Q2,A,37446.0,10,0.5541044746053895,0.7879923978932525,0.09055214694645285,0.10944600564888103,0.8461870139226516,0.849678193986603
102762AAA07L,Q2,A,75008.0,25,0.5541044746053895,0.7879923978932525,0.09055214694645285,0.10944600564888103,0.8461870139226516,0.849678193986603
102762AAA07L,Q2,A,138330.0,50,0.5558791913353271,0.7958014029856072,0.08979531087157946,0.11005631462457624,0.8474256186668134,0.8508936392585527
102762AAA07L,Q2,A,215258.0,75,0.5558791913353271,0.7958014029856072,0.08979531087157946,0.11005631462457624,0.8474256186668134,0.8508936392585527
102762AAA07L,Q2,A,304653.3,90,0.5487951551637678,0.784448190405482,0.0923375570959123,0.11218405329457559,0.834106733338801,0.8402611635333581
102762AAA07L,Q2,B,37446.0,10,0.5443036420565234,0.8202644549216576,0.0775281599445417,0.09841929859301514,0.8226810276766718,0.8319052934807305
102762AAA07L,Q2,B,75008.0,25,0.5443036420565234,0.8202644549216576,0.0775281599445417,0.09841929859301514,0.8226810276766718,0.8319052934807305
102762AAA07L,Q2,B,138330.0,50,0.5443036420565234,0.8202644549216576,0.0775281599445417,0.09841929859301514,0.8226810276766718,0.8319052934807305
102762AAA07L,Q2,B,215258.0,75,0.5443036420565234,0.8202644549216576,0.0775281599445417,0.09841929859301514,0.8226810276766718,0.8319052934807305
102762AAA07L,Q2,B,304653.3,90,0.5402693501509099,0.8123548795574554,0.07644616008729964,0.10119657863753938,0.8148541517585217,0.8243983258998238
102762AAA07L,Q4,A,37446.0,10,0.5573187977442913,0.8452141734277729,0.060961184836140145,0.08208102076113377,0.8566352184887066,0.8572979662238142
102762AAA07L,Q4,A,75008.0,25,0.5598533430567953,0.8473686102975687,0.06192668768984844,0.08335132315570204,0.8586572715098324,0.8613062803174807
102762AAA07L,Q4,A,138330.0,50,0.5600463025016365,0.8455338562792186,0.06215260407005473,0.08312818774790001,0.8597553545936415,0.8646284339118187
102762AAA07L,Q4,A,215258.0,75,0.5459529335790408,0.8232264691784835,0.061066944396182314,0.07989109321996715,0.8391109823529166,0.8445717072761539
102762AAA07L,Q4,A,304653.3,90,0.538489795709617,0.8128318060381815,0.059020529234376735,0.0772657722892837,0.8294568641809442,0.8351808957952371
102762AAA07L,Q4,B,37446.0,10,0.538872698737446,0.8163365446741571,0.06341761446631655,0.08802907535951812,0.8240898081999265,0.8330386981388411
102762AAA07L,Q4,B,75008.0,25,0.5431038958589833,0.8229958303107264,0.06424162280800257,0.08945881542869258,0.8305263362877803,0.8396997472352642
102762AAA07L,Q4,B,138330.0,50,0.5424737546889281,0.8218470016356032,0.06437058083081613,0.089633545391046,0.8294162530251364,0.8386380771530555
102762AAA07L,Q4,B,215258.0,75,0.5424737546889281,0.8218470016356032,0.06437058083081613,0.089633545391046,0.8294162530251364,0.8386380771530555
102762AAA07L,Q4,B,304653.3,90,0.5424737546889281,0.8218470016356032,0.06437058083081613,0.089633545391046,0.8294162530251364,0.8386380771530555
